Assessment_ID,JS_ID,JI_ID,ES_ID,PR_ID,RS_ID,WL_ID,OverTime,,,Employee
A0001,JS004,JI003,ES002,PR003,RS001,WL001,Yes,,,1
A0002,JS002,JI002,ES003,PR004,RS004,WL003,No,,,2
A0003,JS003,JI002,ES004,PR003,RS002,WL003,Yes,,,4
A0004,JS003,JI003,ES004,PR003,RS003,WL003,Yes,,,5
A0005,JS002,JI003,ES001,PR003,RS004,WL003,No,,,7
A0006,JS004,JI003,ES004,PR003,RS003,WL002,No,,,8
A0007,JS001,JI004,ES003,PR004,RS001,WL002,Yes,,,10
A0008,JS003,JI003,ES004,PR004,RS002,WL003,No,,,11
A0009,JS003,JI002,ES004,PR004,RS002,WL003,No,,,12
A0010,JS003,JI003,ES003,PR003,RS002,WL002,No,,,13
A0011,JS002,JI004,ES001,PR003,RS003,WL003,No,,,14
A0012,JS003,JI002,ES004,PR003,RS004,WL003,Yes,,,15
A0013,JS003,JI003,ES001,PR003,RS004,WL002,No,,,16
A0014,JS004,JI003,ES002,PR003,RS003,WL003,No,,,18
A0015,JS003,JI002,ES003,PR003,RS002,WL003,Yes,,,19
A0016,JS001,JI004,ES002,PR003,RS003,WL003,No,,,20
A0017,JS002,JI004,ES001,PR003,RS004,WL002,Yes,,,21
A0018,JS004,JI004,ES004,PR003,RS002,WL002,Yes,,,22
A0019,JS004,JI002,ES001,PR003,RS003,WL003,No,,,23
A0020,JS004,JI003,ES004,PR003,RS003,WL003,Yes,,,24
A0021,JS003,JI004,ES001,PR003,RS004,WL002,No,,,26
A0022,JS001,JI002,ES003,PR004,RS002,WL003,No,,,27
A0023,JS002,JI003,ES001,PR003,RS003,WL003,No,,,28
A0024,JS004,JI003,ES003,PR003,RS004,WL003,No,,,30
A0025,JS001,JI003,ES002,PR003,RS003,WL003,No,,,31
A0026,JS003,JI003,ES003,PR003,RS004,WL002,No,,,32
A0027,JS001,JI001,ES002,PR004,RS002,WL003,Yes,,,33
A0028,JS002,JI003,ES003,PR003,RS004,WL003,No,,,35
A0029,JS004,JI002,ES001,PR003,RS004,WL003,No,,,36
A0030,JS001,JI003,ES002,PR003,RS004,WL002,No,,,38
A0031,JS004,JI003,ES003,PR003,RS004,WL003,No,,,39
A0032,JS004,JI003,ES004,PR003,RS004,WL004,Yes,,,40
A0033,JS003,JI002,ES004,PR003,RS001,WL003,No,,,41
A0034,JS004,JI003,ES004,PR003,RS003,WL004,No,,,42
A0035,JS004,JI003,ES002,PR003,RS001,WL002,Yes,,,45
A0036,JS003,JI004,ES004,PR003,RS004,WL002,No,,,46
A0037,JS003,JI002,ES001,PR003,RS003,WL003,Yes,,,47
A0038,JS004,JI003,ES004,PR003,RS001,WL003,No,,,49
A0039,JS001,JI002,ES002,PR003,RS004,WL004,Yes,,,51
A0040,JS001,JI004,ES003,PR003,RS001,WL003,No,,,52
A0041,JS004,JI003,ES003,PR003,RS003,WL003,No,,,53
A0042,JS001,JI003,ES004,PR003,RS004,WL003,No,,,54
A0043,JS003,JI001,ES001,PR003,RS003,WL002,No,,,55
A0044,JS003,JI003,ES004,PR003,RS004,WL003,No,,,56
A0045,JS004,JI003,ES003,PR004,RS004,WL003,No,,,57
A0046,JS003,JI003,ES002,PR003,RS004,WL003,No,,,58
A0047,JS003,JI003,ES002,PR004,RS003,WL003,No,,,60
A0048,JS002,JI003,ES002,PR004,RS001,WL003,No,,,61
A0049,JS004,JI003,ES001,PR004,RS003,WL003,Yes,,,62
A0050,JS004,JI004,ES004,PR003,RS004,WL003,No,,,63
A0051,JS003,JI002,ES001,PR003,RS004,WL003,Yes,,,64
A0052,JS003,JI003,ES003,PR003,RS003,WL002,Yes,,,65
A0053,JS001,JI003,ES002,PR004,RS003,WL002,Yes,,,68
A0054,JS001,JI002,ES003,PR003,RS003,WL003,Yes,,,70
A0055,JS004,JI002,ES003,PR003,RS003,WL002,Yes,,,72
A0056,JS004,JI003,ES001,PR003,RS003,WL003,Yes,,,73
A0057,JS001,JI003,ES002,PR004,RS004,WL002,No,,,74
A0058,JS001,JI003,ES003,PR003,RS003,WL003,Yes,,,75
A0059,JS004,JI003,ES004,PR004,RS004,WL002,No,,,76
A0060,JS003,JI002,ES001,PR003,RS003,WL004,No,,,77
A0061,JS004,JI003,ES001,PR004,RS002,WL003,Yes,,,78
A0062,JS004,JI003,ES004,PR003,RS004,WL003,No,,,79
A0063,JS003,JI002,ES002,PR003,RS004,WL002,Yes,,,80
A0064,JS001,JI003,ES001,PR003,RS004,WL002,No,,,81
A0065,JS003,JI003,ES003,PR003,RS002,WL003,No,,,83
A0066,JS003,JI003,ES004,PR003,RS003,WL003,Yes,,,84
A0067,JS002,JI002,ES002,PR003,RS003,WL003,No,,,85
A0068,JS001,JI003,ES002,PR003,RS003,WL003,No,,,86
A0069,JS001,JI003,ES002,PR003,RS004,WL002,No,,,88
A0070,JS003,JI002,ES004,PR003,RS001,WL002,Yes,,,90
A0071,JS003,JI002,ES001,PR003,RS004,WL002,No,,,91
A0072,JS002,JI003,ES003,PR004,RS004,WL003,No,,,94
A0073,JS002,JI003,ES003,PR003,RS002,WL003,No,,,95
A0074,JS002,JI003,ES002,PR003,RS002,WL003,No,,,96
A0075,JS004,JI004,ES002,PR003,RS002,WL003,No,,,97
A0076,JS004,JI003,ES003,PR004,RS004,WL003,No,,,98
A0077,JS001,JI002,ES003,PR003,RS002,WL003,No,,,100
A0078,JS001,JI003,ES004,PR003,RS002,WL004,Yes,,,101
A0079,JS003,JI003,ES001,PR003,RS001,WL004,No,,,102
A0080,JS002,JI003,ES002,PR004,RS004,WL003,Yes,,,103
A0081,JS004,JI002,ES004,PR003,RS003,WL002,Yes,,,104
A0082,JS003,JI002,ES002,PR003,RS001,WL003,No,,,105
A0083,JS004,JI003,ES001,PR003,RS004,WL003,No,,,106
A0084,JS004,JI001,ES002,PR003,RS004,WL003,Yes,,,107
A0085,JS002,JI003,ES001,PR003,RS003,WL003,No,,,110
A0086,JS004,JI001,ES004,PR003,RS001,WL002,No,,,112
A0087,JS001,JI003,ES003,PR003,RS003,WL003,No,,,113
A0088,JS004,JI003,ES004,PR004,RS002,WL003,No,,,116
A0089,JS004,JI002,ES003,PR003,RS001,WL003,No,,,117
A0090,JS004,JI002,ES003,PR003,RS004,WL003,No,,,118
A0091,JS002,JI002,ES003,PR004,RS004,WL002,No,,,119
A0092,JS004,JI003,ES003,PR004,RS004,WL001,Yes,,,120
A0093,JS002,JI002,ES003,PR003,RS002,WL002,Yes,,,121
A0094,JS001,JI002,ES003,PR003,RS003,WL002,Yes,,,124
A0095,JS003,JI003,ES002,PR003,RS001,WL003,No,,,125
A0096,JS003,JI003,ES001,PR003,RS001,WL001,No,,,126
A0097,JS003,JI003,ES001,PR004,RS001,WL002,No,,,128
A0098,JS003,JI003,ES002,PR003,RS002,WL004,No,,,129
A0099,JS003,JI003,ES004,PR003,RS003,WL002,No,,,131
A0100,JS002,JI003,ES002,PR003,RS003,WL004,No,,,132
A0101,JS001,JI003,ES003,PR004,RS004,WL003,Yes,,,133
A0102,JS001,JI003,ES004,PR003,RS004,WL003,No,,,134
A0103,JS004,JI002,ES004,PR003,RS002,WL003,Yes,,,137
A0104,JS003,JI003,ES001,PR003,RS003,WL003,No,,,138
A0105,JS004,JI002,ES003,PR003,RS004,WL004,No,,,139
A0106,JS004,JI002,ES003,PR004,RS004,WL003,No,,,140
A0107,JS002,JI003,ES001,PR003,RS001,WL002,Yes,,,141
A0108,JS003,JI002,ES003,PR003,RS004,WL003,Yes,,,142
A0109,JS004,JI002,ES004,PR003,RS003,WL003,No,,,143
A0110,JS004,JI003,ES002,PR003,RS003,WL003,No,,,144
A0111,JS001,JI002,ES001,PR004,RS003,WL002,No,,,145
A0112,JS003,JI001,ES001,PR004,RS004,WL003,Yes,,,147
A0113,JS004,JI004,ES004,PR003,RS003,WL003,Yes,,,148
A0114,JS003,JI003,ES002,PR003,RS003,WL003,No,,,150
A0115,JS002,JI002,ES003,PR003,RS003,WL003,No,,,151
A0116,JS004,JI003,ES003,PR003,RS001,WL003,No,,,152
A0117,JS001,JI002,ES003,PR003,RS004,WL003,No,,,153
A0118,JS004,JI003,ES002,PR003,RS003,WL003,No,,,154
A0119,JS004,JI003,ES001,PR004,RS001,WL003,No,,,155
A0120,JS004,JI003,ES003,PR003,RS004,WL004,Yes,,,158
A0121,JS003,JI001,ES001,PR004,RS003,WL002,No,,,159
A0122,JS002,JI003,ES003,PR003,RS001,WL004,No,,,160
A0123,JS002,JI003,ES002,PR003,RS001,WL003,Yes,,,161
A0124,JS003,JI003,ES001,PR003,RS003,WL003,No,,,162
A0125,JS003,JI001,ES002,PR003,RS002,WL002,Yes,,,163
A0126,JS002,JI002,ES003,PR003,RS003,WL002,No,,,164
A0127,JS004,JI003,ES004,PR003,RS004,WL002,No,,,165
A0128,JS003,JI003,ES004,PR003,RS004,WL002,Yes,,,167
A0129,JS004,JI003,ES003,PR003,RS003,WL003,No,,,169
A0130,JS001,JI003,ES003,PR003,RS003,WL002,No,,,170
A0131,JS003,JI004,ES002,PR003,RS004,WL003,No,,,171
A0132,JS004,JI003,ES003,PR003,RS004,WL003,No,,,174
A0133,JS003,JI001,ES002,PR003,RS003,WL003,Yes,,,175
A0134,JS003,JI003,ES003,PR003,RS003,WL003,Yes,,,176
A0135,JS003,JI003,ES003,PR004,RS004,WL003,No,,,177
A0136,JS002,JI003,ES002,PR004,RS004,WL003,No,,,178
A0137,JS004,JI001,ES001,PR003,RS004,WL003,No,,,179
A0138,JS003,JI002,ES004,PR003,RS003,WL004,No,,,182
A0139,JS003,JI002,ES001,PR003,RS004,WL003,No,,,183
A0140,JS004,JI003,ES003,PR003,RS004,WL001,Yes,,,184
A0141,JS001,JI003,ES001,PR004,RS001,WL004,No,,,190
A0142,JS004,JI003,ES003,PR003,RS002,WL002,No,,,192
A0143,JS003,JI003,ES004,PR004,RS002,WL003,Yes,,,193
A0144,JS003,JI003,ES001,PR003,RS003,WL002,No,,,194
A0145,JS004,JI001,ES004,PR003,RS004,WL004,No,,,195
A0146,JS001,JI003,ES004,PR003,RS004,WL003,No,,,197
A0147,JS004,JI002,ES002,PR003,RS004,WL003,No,,,198
A0148,JS001,JI002,ES004,PR003,RS002,WL002,No,,,199
A0149,JS001,JI003,ES003,PR004,RS004,WL003,No,,,200
A0150,JS002,JI003,ES002,PR003,RS004,WL003,No,,,201
A0151,JS002,JI003,ES002,PR003,RS001,WL003,No,,,202
A0152,JS002,JI003,ES003,PR003,RS001,WL003,No,,,204
A0153,JS003,JI003,ES002,PR004,RS004,WL001,Yes,,,205
A0154,JS002,JI003,ES002,PR003,RS003,WL001,No,,,206
A0155,JS004,JI003,ES002,PR003,RS004,WL003,No,,,207
A0156,JS003,JI003,ES004,PR003,RS001,WL003,No,,,208
A0157,JS003,JI002,ES002,PR003,RS003,WL003,No,,,211
A0158,JS002,JI002,ES002,PR004,RS002,WL002,Yes,,,214
A0159,JS004,JI002,ES003,PR003,RS001,WL002,No,,,215
A0160,JS003,JI003,ES003,PR003,RS004,WL003,No,,,216
A0161,JS004,JI003,ES003,PR004,RS001,WL003,No,,,217
A0162,JS002,JI003,ES004,PR003,RS004,WL001,No,,,218
A0163,JS004,JI003,ES003,PR003,RS003,WL001,No,,,221
A0164,JS004,JI004,ES003,PR003,RS002,WL001,Yes,,,223
A0165,JS003,JI002,ES003,PR003,RS004,WL002,Yes,,,224
A0166,JS002,JI003,ES003,PR003,RS002,WL003,No,,,226
A0167,JS003,JI003,ES001,PR003,RS001,WL003,No,,,227
A0168,JS004,JI003,ES002,PR003,RS003,WL003,No,,,228
A0169,JS004,JI002,ES001,PR004,RS003,WL004,No,,,230
A0170,JS003,JI003,ES003,PR004,RS001,WL003,No,,,231
A0171,JS002,JI003,ES003,PR003,RS004,WL002,Yes,,,233
A0172,JS001,JI001,ES003,PR004,RS001,WL004,No,,,235
A0173,JS002,JI003,ES004,PR003,RS003,WL002,No,,,238
A0174,JS001,JI003,ES003,PR003,RS003,WL003,No,,,239
A0175,JS001,JI003,ES003,PR003,RS001,WL004,Yes,,,240
A0176,JS001,JI003,ES003,PR003,RS003,WL003,Yes,,,241
A0177,JS004,JI003,ES003,PR003,RS001,WL004,No,,,242
A0178,JS004,JI002,ES002,PR004,RS003,WL002,No,,,243
A0179,JS001,JI003,ES002,PR004,RS003,WL003,No,,,244
A0180,JS004,JI003,ES003,PR003,RS003,WL003,No,,,245
A0181,JS004,JI003,ES003,PR004,RS003,WL003,Yes,,,246
A0182,JS002,JI003,ES004,PR003,RS004,WL003,No,,,247
A0183,JS002,JI003,ES002,PR004,RS004,WL002,Yes,,,248
A0184,JS003,JI002,ES003,PR003,RS004,WL002,No,,,249
A0185,JS001,JI004,ES004,PR003,RS003,WL003,No,,,250
A0186,JS002,JI003,ES004,PR003,RS004,WL003,No,,,252
A0187,JS003,JI003,ES004,PR003,RS002,WL003,No,,,253
A0188,JS002,JI004,ES003,PR003,RS004,WL003,No,,,254
A0189,JS003,JI002,ES004,PR003,RS003,WL002,No,,,256
A0190,JS002,JI003,ES004,PR003,RS003,WL003,No,,,258
A0191,JS003,JI002,ES003,PR003,RS001,WL003,No,,,259
A0192,JS002,JI003,ES004,PR003,RS004,WL002,No,,,260
A0193,JS003,JI002,ES002,PR003,RS001,WL003,Yes,,,261
A0194,JS004,JI004,ES004,PR003,RS004,WL004,No,,,262
A0195,JS004,JI002,ES001,PR004,RS004,WL003,No,,,264
A0196,JS001,JI004,ES002,PR003,RS001,WL002,Yes,,,267
A0197,JS002,JI003,ES002,PR003,RS004,WL003,No,,,269
A0198,JS003,JI003,ES003,PR003,RS002,WL003,No,,,270
A0199,JS003,JI003,ES004,PR003,RS002,WL003,No,,,271
A0200,JS004,JI003,ES004,PR003,RS001,WL001,No,,,273
A0201,JS001,JI002,ES003,PR003,RS003,WL003,No,,,274
A0202,JS004,JI003,ES004,PR003,RS001,WL003,Yes,,,275
A0203,JS003,JI003,ES004,PR003,RS004,WL004,Yes,,,277
A0204,JS004,JI003,ES003,PR003,RS003,WL004,Yes,,,281
A0205,JS001,JI003,ES002,PR003,RS002,WL003,Yes,,,282
A0206,JS004,JI003,ES002,PR004,RS004,WL002,No,,,283
A0207,JS002,JI004,ES004,PR003,RS001,WL002,Yes,,,284
A0208,JS004,JI003,ES002,PR003,RS001,WL003,No,,,286
A0209,JS004,JI002,ES004,PR003,RS004,WL001,No,,,287
A0210,JS001,JI003,ES004,PR003,RS003,WL003,No,,,288
A0211,JS004,JI001,ES004,PR003,RS003,WL002,No,,,291
A0212,JS003,JI002,ES003,PR004,RS003,WL003,No,,,292
A0213,JS003,JI003,ES004,PR003,RS004,WL003,No,,,293
A0214,JS002,JI002,ES002,PR003,RS004,WL001,No,,,296
A0215,JS001,JI003,ES004,PR003,RS003,WL003,Yes,,,297
A0216,JS004,JI003,ES004,PR003,RS003,WL003,Yes,,,298
A0217,JS001,JI002,ES003,PR003,RS003,WL002,No,,,299
A0218,JS003,JI003,ES003,PR003,RS004,WL002,No,,,300
A0219,JS004,JI002,ES004,PR003,RS004,WL003,No,,,302
A0220,JS001,JI003,ES004,PR003,RS004,WL003,No,,,303
A0221,JS002,JI003,ES004,PR003,RS004,WL004,No,,,304
A0222,JS002,JI002,ES003,PR004,RS004,WL003,No,,,305
A0223,JS004,JI003,ES002,PR003,RS003,WL003,Yes,,,306
A0224,JS003,JI003,ES001,PR003,RS003,WL002,No,,,307
A0225,JS003,JI001,ES003,PR003,RS004,WL003,No,,,308
A0226,JS004,JI002,ES003,PR003,RS001,WL003,No,,,309
A0227,JS004,JI003,ES001,PR003,RS003,WL003,No,,,311
A0228,JS004,JI003,ES002,PR003,RS004,WL003,No,,,312
A0229,JS003,JI003,ES003,PR003,RS001,WL004,No,,,314
A0230,JS004,JI002,ES003,PR003,RS003,WL002,Yes,,,315
A0231,JS004,JI002,ES003,PR003,RS002,WL002,No,,,316
A0232,JS004,JI003,ES003,PR003,RS004,WL003,No,,,319
A0233,JS003,JI003,ES002,PR003,RS004,WL002,No,,,321
A0234,JS004,JI003,ES004,PR003,RS003,WL002,No,,,323
A0235,JS004,JI003,ES003,PR003,RS003,WL001,Yes,,,325
A0236,JS004,JI003,ES004,PR004,RS003,WL003,Yes,,,327
A0237,JS001,JI003,ES001,PR004,RS001,WL004,No,,,328
A0238,JS003,JI002,ES001,PR003,RS004,WL004,Yes,,,329
A0239,JS002,JI003,ES003,PR003,RS001,WL003,No,,,330
A0240,JS003,JI002,ES004,PR003,RS004,WL001,Yes,,,331
A0241,JS003,JI003,ES003,PR003,RS003,WL003,No,,,332
A0242,JS004,JI003,ES003,PR003,RS001,WL003,No,,,333
A0243,JS001,JI003,ES003,PR003,RS001,WL002,No,,,334
A0244,JS004,JI003,ES001,PR003,RS001,WL003,No,,,335
A0245,JS004,JI004,ES003,PR003,RS003,WL003,No,,,336
A0246,JS003,JI003,ES002,PR003,RS001,WL003,No,,,337
A0247,JS004,JI002,ES003,PR003,RS003,WL002,No,,,338
A0248,JS001,JI002,ES004,PR003,RS002,WL003,No,,,339
A0249,JS001,JI002,ES003,PR003,RS001,WL002,No,,,340
A0250,JS003,JI004,ES001,PR003,RS004,WL003,No,,,341
A0251,JS003,JI003,ES001,PR003,RS002,WL003,No,,,342
A0252,JS003,JI003,ES003,PR004,RS004,WL003,No,,,343
A0253,JS004,JI003,ES003,PR003,RS001,WL003,No,,,346
A0254,JS001,JI004,ES004,PR003,RS003,WL003,Yes,,,347
A0255,JS004,JI003,ES004,PR003,RS004,WL003,No,,,349
A0256,JS003,JI003,ES001,PR003,RS004,WL003,No,,,350
A0257,JS001,JI002,ES004,PR003,RS003,WL003,Yes,,,351
A0258,JS003,JI003,ES001,PR003,RS004,WL003,No,,,352
A0259,JS004,JI003,ES003,PR003,RS002,WL002,No,,,353
A0260,JS002,JI002,ES003,PR003,RS002,WL004,No,,,355
A0261,JS002,JI004,ES002,PR004,RS003,WL001,No,,,359
A0262,JS004,JI002,ES004,PR003,RS004,WL003,No,,,361
A0263,JS001,JI002,ES004,PR003,RS004,WL003,No,,,362
A0264,JS002,JI001,ES003,PR003,RS002,WL002,Yes,,,363
A0265,JS003,JI003,ES001,PR003,RS003,WL001,No,,,364
A0266,JS002,JI002,ES001,PR003,RS002,WL003,No,,,366
A0267,JS004,JI002,ES002,PR004,RS002,WL003,No,,,367
A0268,JS001,JI004,ES002,PR003,RS004,WL003,No,,,369
A0269,JS004,JI003,ES003,PR003,RS002,WL003,Yes,,,372
A0270,JS004,JI003,ES004,PR003,RS003,WL003,No,,,373
A0271,JS001,JI003,ES004,PR003,RS003,WL003,Yes,,,374
A0272,JS002,JI003,ES001,PR003,RS004,WL002,Yes,,,376
A0273,JS004,JI003,ES004,PR004,RS004,WL002,No,,,377
A0274,JS004,JI003,ES003,PR003,RS002,WL004,No,,,378
A0275,JS003,JI002,ES004,PR003,RS001,WL004,No,,,379
A0276,JS004,JI003,ES001,PR003,RS001,WL003,Yes,,,380
A0277,JS002,JI004,ES002,PR003,RS002,WL002,No,,,381
A0278,JS001,JI004,ES001,PR004,RS003,WL003,Yes,,,382
A0279,JS002,JI003,ES003,PR004,RS001,WL001,No,,,384
A0280,JS002,JI003,ES001,PR003,RS001,WL002,No,,,385
A0281,JS003,JI003,ES003,PR003,RS004,WL002,Yes,,,386
A0282,JS003,JI003,ES002,PR004,RS003,WL003,No,,,387
A0283,JS004,JI003,ES002,PR003,RS001,WL002,No,,,388
A0284,JS004,JI003,ES002,PR003,RS004,WL003,Yes,,,389
A0285,JS001,JI003,ES001,PR003,RS003,WL003,Yes,,,390
A0286,JS004,JI003,ES004,PR003,RS002,WL003,No,,,391
A0287,JS003,JI003,ES004,PR004,RS004,WL001,Yes,,,392
A0288,JS004,JI003,ES004,PR003,RS002,WL003,No,,,393
A0289,JS002,JI003,ES001,PR003,RS004,WL003,Yes,,,394
A0290,JS004,JI003,ES004,PR004,RS004,WL003,No,,,395
A0291,JS001,JI003,ES003,PR003,RS004,WL003,Yes,,,396
A0292,JS002,JI003,ES003,PR003,RS004,WL003,No,,,397
A0293,JS002,JI003,ES004,PR003,RS003,WL002,No,,,399
A0294,JS004,JI002,ES004,PR003,RS002,WL003,Yes,,,401
A0295,JS004,JI003,ES002,PR003,RS003,WL002,Yes,,,403
A0296,JS002,JI003,ES003,PR003,RS004,WL004,No,,,404
A0297,JS003,JI003,ES003,PR003,RS003,WL003,No,,,405
A0298,JS002,JI003,ES003,PR003,RS003,WL002,No,,,406
A0299,JS004,JI004,ES003,PR003,RS004,WL003,No,,,407
A0300,JS002,JI001,ES004,PR003,RS004,WL003,No,,,408
A0301,JS002,JI003,ES004,PR003,RS002,WL003,No,,,410
A0302,JS003,JI002,ES004,PR003,RS001,WL003,No,,,411
A0303,JS001,JI004,ES002,PR003,RS003,WL003,No,,,412
A0304,JS004,JI004,ES002,PR003,RS002,WL002,No,,,416
A0305,JS004,JI004,ES003,PR003,RS001,WL002,No,,,417
A0306,JS002,JI003,ES002,PR003,RS003,WL003,No,,,419
A0307,JS003,JI002,ES004,PR003,RS003,WL002,No,,,420
A0308,JS002,JI002,ES001,PR003,RS003,WL003,No,,,421
A0309,JS003,JI001,ES004,PR003,RS004,WL003,Yes,,,422
A0310,JS004,JI003,ES003,PR003,RS003,WL003,Yes,,,423
A0311,JS001,JI002,ES001,PR003,RS004,WL003,No,,,424
A0312,JS001,JI003,ES001,PR003,RS001,WL003,No,,,425
A0313,JS004,JI003,ES003,PR003,RS002,WL001,Yes,,,426
A0314,JS002,JI003,ES004,PR003,RS002,WL003,No,,,428
A0315,JS001,JI003,ES003,PR003,RS004,WL003,Yes,,,429
A0316,JS004,JI003,ES003,PR003,RS001,WL003,No,,,430
A0317,JS003,JI002,ES003,PR003,RS004,WL003,Yes,,,431
A0318,JS002,JI002,ES003,PR003,RS001,WL002,No,,,433
A0319,JS002,JI003,ES003,PR003,RS002,WL002,Yes,,,434
A0320,JS002,JI002,ES003,PR003,RS004,WL003,Yes,,,436
A0321,JS003,JI003,ES004,PR003,RS001,WL003,Yes,,,437
A0322,JS004,JI003,ES004,PR003,RS004,WL003,No,,,438
A0323,JS004,JI004,ES001,PR003,RS003,WL002,No,,,439
A0324,JS004,JI001,ES001,PR003,RS004,WL002,Yes,,,440
A0325,JS004,JI003,ES004,PR003,RS004,WL003,No,,,441
A0326,JS003,JI002,ES003,PR004,RS001,WL003,No,,,442
A0327,JS004,JI002,ES003,PR003,RS001,WL003,No,,,444
A0328,JS003,JI003,ES004,PR003,RS001,WL002,Yes,,,445
A0329,JS004,JI002,ES002,PR003,RS003,WL002,No,,,446
A0330,JS003,JI003,ES004,PR003,RS002,WL003,No,,,447
A0331,JS003,JI002,ES003,PR003,RS002,WL004,No,,,448
A0332,JS002,JI003,ES003,PR003,RS004,WL003,Yes,,,449
A0333,JS003,JI003,ES004,PR003,RS004,WL002,No,,,450
A0334,JS001,JI003,ES003,PR003,RS001,WL002,No,,,451
A0335,JS004,JI003,ES004,PR003,RS001,WL003,No,,,452
A0336,JS004,JI001,ES002,PR004,RS003,WL002,Yes,,,453
A0337,JS001,JI001,ES002,PR003,RS004,WL002,Yes,,,454
A0338,JS004,JI002,ES002,PR003,RS003,WL003,No,,,455
A0339,JS003,JI002,ES004,PR003,RS003,WL003,No,,,456
A0340,JS002,JI003,ES002,PR003,RS001,WL003,No,,,458
A0341,JS004,JI003,ES004,PR003,RS003,WL002,No,,,460
A0342,JS004,JI002,ES003,PR003,RS002,WL003,Yes,,,461
A0343,JS004,JI003,ES003,PR003,RS003,WL002,Yes,,,462
A0344,JS002,JI002,ES004,PR003,RS001,WL003,Yes,,,463
A0345,JS002,JI003,ES003,PR003,RS004,WL003,No,,,464
A0346,JS004,JI003,ES003,PR003,RS003,WL002,No,,,465
A0347,JS002,JI002,ES004,PR003,RS004,WL003,Yes,,,466
A0348,JS003,JI003,ES002,PR003,RS001,WL003,No,,,467
A0349,JS004,JI003,ES001,PR003,RS002,WL003,No,,,468
A0350,JS003,JI003,ES004,PR003,RS001,WL002,No,,,469
A0351,JS003,JI003,ES003,PR003,RS003,WL003,Yes,,,470
A0352,JS002,JI003,ES003,PR003,RS003,WL003,No,,,471
A0353,JS003,JI003,ES001,PR004,RS002,WL001,No,,,473
A0354,JS001,JI004,ES003,PR003,RS001,WL003,Yes,,,474
A0355,JS003,JI003,ES004,PR003,RS002,WL004,Yes,,,475
A0356,JS003,JI003,ES003,PR003,RS002,WL003,No,,,476
A0357,JS004,JI002,ES001,PR004,RS002,WL003,No,,,477
A0358,JS002,JI002,ES001,PR003,RS003,WL003,Yes,,,478
A0359,JS004,JI003,ES004,PR003,RS002,WL003,No,,,479
A0360,JS004,JI002,ES001,PR003,RS001,WL003,No,,,481
A0361,JS003,JI003,ES004,PR003,RS003,WL003,No,,,482
A0362,JS003,JI004,ES004,PR003,RS003,WL003,Yes,,,483
A0363,JS004,JI003,ES001,PR004,RS003,WL002,No,,,484
A0364,JS003,JI003,ES004,PR003,RS002,WL003,Yes,,,485
A0365,JS001,JI003,ES003,PR004,RS002,WL003,No,,,486
A0366,JS003,JI003,ES003,PR003,RS003,WL004,No,,,487
A0367,JS002,JI003,ES001,PR003,RS003,WL003,No,,,488
A0368,JS004,JI002,ES004,PR003,RS004,WL003,No,,,491
A0369,JS003,JI002,ES003,PR003,RS001,WL003,Yes,,,492
A0370,JS002,JI002,ES003,PR003,RS004,WL003,Yes,,,493
A0371,JS002,JI004,ES003,PR003,RS004,WL003,No,,,494
A0372,JS004,JI003,ES004,PR003,RS004,WL003,No,,,495
A0373,JS002,JI002,ES003,PR003,RS003,WL003,No,,,496
A0374,JS002,JI003,ES004,PR003,RS002,WL003,No,,,497
A0375,JS004,JI003,ES002,PR003,RS004,WL003,No,,,498
A0376,JS003,JI002,ES002,PR004,RS003,WL003,No,,,499
A0377,JS004,JI003,ES003,PR003,RS003,WL002,No,,,500
A0378,JS003,JI003,ES004,PR003,RS002,WL003,No,,,501
A0379,JS004,JI004,ES001,PR003,RS002,WL002,Yes,,,502
A0380,JS004,JI003,ES003,PR003,RS003,WL003,Yes,,,505
A0381,JS003,JI003,ES004,PR003,RS004,WL004,Yes,,,507
A0382,JS002,JI003,ES003,PR003,RS001,WL003,No,,,508
A0383,JS001,JI003,ES003,PR004,RS003,WL003,No,,,510
A0384,JS002,JI003,ES001,PR003,RS004,WL003,No,,,511
A0385,JS003,JI002,ES002,PR003,RS002,WL003,No,,,513
A0386,JS004,JI003,ES003,PR004,RS003,WL003,Yes,,,514
A0387,JS001,JI003,ES004,PR003,RS003,WL002,No,,,515
A0388,JS002,JI003,ES004,PR003,RS003,WL003,No,,,516
A0389,JS001,JI003,ES002,PR003,RS002,WL003,No,,,517
A0390,JS002,JI003,ES003,PR003,RS004,WL002,Yes,,,518
A0391,JS002,JI002,ES001,PR003,RS003,WL003,No,,,520
A0392,JS003,JI002,ES002,PR004,RS002,WL003,No,,,521
A0393,JS001,JI003,ES001,PR003,RS003,WL002,No,,,522
A0394,JS003,JI003,ES003,PR003,RS001,WL003,No,,,523
A0395,JS001,JI003,ES002,PR003,RS002,WL001,No,,,524
A0396,JS004,JI003,ES004,PR004,RS001,WL003,No,,,525
A0397,JS003,JI003,ES003,PR003,RS004,WL003,Yes,,,526
A0398,JS004,JI002,ES002,PR003,RS002,WL003,Yes,,,527
A0399,JS003,JI003,ES002,PR003,RS001,WL003,Yes,,,529
A0400,JS001,JI002,ES004,PR003,RS003,WL003,No,,,530
A0401,JS003,JI003,ES002,PR003,RS003,WL003,Yes,,,531
A0402,JS001,JI004,ES003,PR003,RS004,WL002,No,,,532
A0403,JS003,JI003,ES002,PR003,RS002,WL003,No,,,533
A0404,JS001,JI004,ES002,PR003,RS003,WL003,No,,,534
A0405,JS001,JI003,ES003,PR003,RS004,WL003,No,,,536
A0406,JS001,JI003,ES001,PR003,RS003,WL003,No,,,538
A0407,JS003,JI002,ES004,PR003,RS003,WL003,Yes,,,543
A0408,JS004,JI003,ES001,PR004,RS004,WL002,No,,,544
A0409,JS004,JI003,ES004,PR003,RS004,WL001,No,,,546
A0410,JS003,JI003,ES001,PR003,RS002,WL003,No,,,547
A0411,JS004,JI001,ES003,PR004,RS003,WL003,No,,,548
A0412,JS001,JI003,ES001,PR003,RS004,WL001,No,,,549
A0413,JS003,JI003,ES003,PR003,RS003,WL002,No,,,550
A0414,JS004,JI002,ES004,PR003,RS004,WL004,No,,,551
A0415,JS002,JI003,ES001,PR003,RS002,WL003,Yes,,,554
A0416,JS003,JI001,ES004,PR003,RS004,WL002,No,,,555
A0417,JS004,JI003,ES004,PR004,RS003,WL003,Yes,,,556
A0418,JS003,JI003,ES003,PR003,RS004,WL003,No,,,558
A0419,JS004,JI003,ES001,PR004,RS002,WL001,No,,,560
A0420,JS004,JI003,ES003,PR003,RS003,WL001,No,,,562
A0421,JS003,JI002,ES002,PR003,RS003,WL003,No,,,564
A0422,JS002,JI002,ES003,PR003,RS002,WL004,No,,,565
A0423,JS004,JI002,ES001,PR003,RS003,WL004,No,,,566
A0424,JS001,JI003,ES003,PR003,RS003,WL003,No,,,567
A0425,JS004,JI002,ES001,PR003,RS003,WL002,No,,,568
A0426,JS003,JI002,ES002,PR003,RS002,WL003,No,,,569
A0427,JS004,JI003,ES003,PR003,RS003,WL002,No,,,571
A0428,JS001,JI002,ES003,PR003,RS004,WL004,No,,,573
A0429,JS004,JI003,ES001,PR003,RS003,WL003,No,,,574
A0430,JS003,JI003,ES001,PR003,RS003,WL001,No,,,575
A0431,JS003,JI001,ES004,PR003,RS003,WL003,No,,,577
A0432,JS003,JI003,ES003,PR003,RS003,WL003,No,,,578
A0433,JS003,JI002,ES004,PR003,RS003,WL003,No,,,579
A0434,JS004,JI002,ES003,PR003,RS003,WL003,Yes,,,580
A0435,JS002,JI003,ES003,PR004,RS004,WL004,No,,,581
A0436,JS003,JI003,ES002,PR003,RS004,WL004,Yes,,,582
A0437,JS004,JI001,ES001,PR003,RS001,WL003,No,,,584
A0438,JS002,JI003,ES004,PR003,RS001,WL003,No,,,585
A0439,JS003,JI003,ES004,PR003,RS003,WL003,Yes,,,586
A0440,JS003,JI003,ES001,PR003,RS001,WL003,No,,,587
A0441,JS001,JI003,ES002,PR003,RS003,WL003,Yes,,,590
A0442,JS003,JI003,ES002,PR003,RS004,WL003,No,,,591
A0443,JS004,JI003,ES002,PR003,RS004,WL002,No,,,592
A0444,JS003,JI002,ES003,PR003,RS003,WL003,No,,,593
A0445,JS004,JI003,ES002,PR003,RS001,WL003,No,,,595
A0446,JS002,JI003,ES001,PR004,RS004,WL003,No,,,597
A0447,JS004,JI003,ES004,PR003,RS004,WL003,No,,,599
A0448,JS003,JI003,ES002,PR003,RS003,WL003,No,,,600
A0449,JS003,JI003,ES002,PR003,RS003,WL003,No,,,601
A0450,JS003,JI003,ES003,PR003,RS001,WL003,No,,,602
A0451,JS004,JI003,ES002,PR003,RS003,WL004,Yes,,,604
A0452,JS001,JI003,ES004,PR004,RS004,WL002,Yes,,,605
A0453,JS002,JI003,ES004,PR003,RS002,WL004,No,,,606
A0454,JS003,JI003,ES002,PR003,RS002,WL002,Yes,,,608
A0455,JS004,JI003,ES004,PR003,RS002,WL004,No,,,611
A0456,JS003,JI004,ES001,PR003,RS003,WL003,No,,,612
A0457,JS004,JI002,ES003,PR004,RS003,WL002,No,,,613
A0458,JS002,JI003,ES002,PR003,RS004,WL003,Yes,,,614
A0459,JS001,JI001,ES003,PR003,RS003,WL003,No,,,615
A0460,JS003,JI002,ES001,PR003,RS001,WL003,Yes,,,616
A0461,JS003,JI003,ES001,PR003,RS001,WL003,No,,,618
A0462,JS003,JI003,ES001,PR003,RS004,WL003,No,,,620
A0463,JS004,JI004,ES004,PR003,RS004,WL003,No,,,621
A0464,JS004,JI001,ES003,PR003,RS002,WL001,Yes,,,622
A0465,JS004,JI003,ES002,PR003,RS004,WL004,No,,,623
A0466,JS003,JI003,ES001,PR003,RS004,WL002,No,,,624
A0467,JS001,JI003,ES002,PR003,RS002,WL003,No,,,625
A0468,JS002,JI003,ES001,PR003,RS004,WL003,No,,,626
A0469,JS001,JI003,ES004,PR003,RS002,WL003,Yes,,,630
A0470,JS003,JI004,ES004,PR003,RS004,WL003,No,,,631
A0471,JS004,JI003,ES004,PR003,RS003,WL003,No,,,632
A0472,JS003,JI003,ES003,PR003,RS003,WL003,No,,,634
A0473,JS002,JI003,ES002,PR003,RS002,WL002,No,,,635
A0474,JS003,JI002,ES004,PR003,RS003,WL003,Yes,,,638
A0475,JS004,JI004,ES002,PR003,RS002,WL003,Yes,,,639
A0476,JS002,JI003,ES001,PR004,RS004,WL004,No,,,641
A0477,JS002,JI002,ES004,PR004,RS004,WL003,No,,,643
A0478,JS002,JI003,ES001,PR003,RS003,WL003,No,,,644
A0479,JS003,JI003,ES002,PR003,RS003,WL003,No,,,645
A0480,JS003,JI003,ES001,PR003,RS004,WL003,Yes,,,647
A0481,JS001,JI002,ES002,PR003,RS003,WL004,No,,,648
A0482,JS004,JI002,ES002,PR003,RS004,WL003,Yes,,,649
A0483,JS001,JI003,ES002,PR003,RS003,WL001,No,,,650
A0484,JS004,JI002,ES001,PR003,RS004,WL003,No,,,652
A0485,JS004,JI004,ES001,PR004,RS004,WL004,No,,,653
A0486,JS003,JI002,ES001,PR003,RS003,WL002,No,,,655
A0487,JS003,JI003,ES004,PR003,RS003,WL002,Yes,,,656
A0488,JS002,JI002,ES004,PR003,RS004,WL004,No,,,657
A0489,JS004,JI003,ES003,PR003,RS002,WL003,No,,,659
A0490,JS004,JI002,ES002,PR003,RS003,WL002,Yes,,,661
A0491,JS001,JI003,ES003,PR003,RS004,WL002,No,,,662
A0492,JS003,JI003,ES004,PR003,RS002,WL003,Yes,,,663
A0493,JS001,JI002,ES004,PR003,RS001,WL001,No,,,664
A0494,JS003,JI002,ES001,PR003,RS002,WL004,No,,,665
A0495,JS003,JI003,ES003,PR003,RS004,WL003,Yes,,,666
A0496,JS001,JI003,ES003,PR003,RS002,WL003,No,,,667
A0497,JS003,JI003,ES003,PR003,RS003,WL003,No,,,669
A0498,JS004,JI003,ES004,PR003,RS001,WL004,Yes,,,671
A0499,JS003,JI003,ES001,PR004,RS004,WL003,No,,,675
A0500,JS003,JI003,ES003,PR003,RS004,WL003,No,,,677
A0501,JS004,JI003,ES001,PR003,RS004,WL002,Yes,,,679
A0502,JS003,JI003,ES003,PR004,RS003,WL003,No,,,680
A0503,JS001,JI003,ES004,PR004,RS004,WL004,No,,,682
A0504,JS004,JI003,ES002,PR003,RS004,WL002,No,,,683
A0505,JS001,JI003,ES001,PR003,RS004,WL003,No,,,684
A0506,JS004,JI003,ES003,PR003,RS003,WL003,Yes,,,686
A0507,JS003,JI003,ES003,PR003,RS003,WL003,No,,,689
A0508,JS003,JI003,ES002,PR003,RS001,WL002,No,,,690
A0509,JS004,JI001,ES002,PR003,RS002,WL003,No,,,691
A0510,JS004,JI003,ES003,PR004,RS003,WL001,No,,,692
A0511,JS002,JI003,ES003,PR003,RS003,WL004,No,,,698
A0512,JS002,JI002,ES002,PR003,RS003,WL003,Yes,,,699
A0513,JS004,JI002,ES001,PR003,RS004,WL003,No,,,700
A0514,JS003,JI003,ES004,PR003,RS004,WL003,Yes,,,701
A0515,JS001,JI003,ES001,PR003,RS001,WL003,Yes,,,702
A0516,JS003,JI002,ES003,PR003,RS003,WL003,No,,,704
A0517,JS001,JI004,ES001,PR003,RS001,WL004,No,,,705
A0518,JS002,JI004,ES004,PR004,RS003,WL003,No,,,707
A0519,JS004,JI002,ES004,PR004,RS001,WL003,No,,,709
A0520,JS004,JI001,ES002,PR003,RS004,WL003,No,,,710
A0521,JS002,JI004,ES002,PR003,RS004,WL003,No,,,712
A0522,JS004,JI004,ES004,PR004,RS002,WL003,Yes,,,714
A0523,JS004,JI004,ES004,PR003,RS001,WL003,No,,,715
A0524,JS003,JI004,ES004,PR003,RS003,WL003,Yes,,,716
A0525,JS002,JI002,ES004,PR003,RS002,WL004,No,,,717
A0526,JS003,JI003,ES001,PR003,RS001,WL003,No,,,720
A0527,JS003,JI002,ES004,PR003,RS001,WL003,No,,,721
A0528,JS004,JI003,ES004,PR003,RS004,WL002,No,,,722
A0529,JS003,JI003,ES002,PR003,RS001,WL003,Yes,,,723
A0530,JS004,JI004,ES002,PR003,RS003,WL002,No,,,724
A0531,JS001,JI003,ES003,PR003,RS004,WL003,No,,,725
A0532,JS004,JI003,ES003,PR003,RS004,WL003,No,,,727
A0533,JS001,JI003,ES004,PR003,RS004,WL003,No,,,728
A0534,JS001,JI002,ES004,PR004,RS003,WL003,Yes,,,729
A0535,JS003,JI004,ES003,PR003,RS003,WL003,No,,,730
A0536,JS004,JI002,ES002,PR003,RS002,WL002,No,,,731
A0537,JS001,JI003,ES001,PR003,RS004,WL003,No,,,732
A0538,JS001,JI003,ES004,PR004,RS003,WL002,No,,,733
A0539,JS003,JI002,ES004,PR003,RS002,WL003,No,,,734
A0540,JS002,JI003,ES004,PR003,RS004,WL003,No,,,738
A0541,JS002,JI001,ES001,PR003,RS004,WL003,Yes,,,741
A0542,JS001,JI004,ES001,PR003,RS001,WL003,No,,,742
A0543,JS003,JI003,ES003,PR003,RS004,WL004,Yes,,,743
A0544,JS003,JI001,ES001,PR003,RS003,WL003,No,,,744
A0545,JS003,JI003,ES004,PR003,RS004,WL002,Yes,,,746
A0546,JS004,JI003,ES003,PR004,RS004,WL002,No,,,747
A0547,JS003,JI003,ES003,PR003,RS003,WL003,No,,,749
A0548,JS003,JI004,ES003,PR003,RS004,WL003,Yes,,,752
A0549,JS004,JI002,ES004,PR003,RS003,WL003,No,,,754
A0550,JS003,JI003,ES002,PR003,RS004,WL003,No,,,757
A0551,JS001,JI003,ES002,PR003,RS004,WL004,No,,,758
A0552,JS002,JI004,ES003,PR003,RS003,WL001,No,,,760
A0553,JS004,JI003,ES003,PR003,RS003,WL002,No,,,762
A0554,JS004,JI002,ES004,PR004,RS004,WL002,Yes,,,763
A0555,JS001,JI002,ES004,PR003,RS001,WL001,No,,,764
A0556,JS002,JI003,ES004,PR003,RS004,WL003,No,,,766
A0557,JS004,JI003,ES004,PR003,RS004,WL003,No,,,769
A0558,JS001,JI003,ES004,PR003,RS001,WL004,No,,,771
A0559,JS004,JI003,ES001,PR003,RS004,WL003,No,,,772
A0560,JS003,JI003,ES004,PR003,RS002,WL001,Yes,,,773
A0561,JS001,JI003,ES002,PR003,RS003,WL003,No,,,775
A0562,JS001,JI002,ES003,PR003,RS001,WL004,No,,,776
A0563,JS004,JI003,ES004,PR003,RS003,WL002,Yes,,,780
A0564,JS004,JI003,ES003,PR004,RS002,WL002,No,,,781
A0565,JS003,JI001,ES002,PR003,RS001,WL003,No,,,783
A0566,JS003,JI004,ES001,PR003,RS004,WL003,No,,,784
A0567,JS003,JI004,ES002,PR003,RS004,WL003,Yes,,,785
A0568,JS004,JI003,ES004,PR004,RS003,WL003,No,,,786
A0569,JS001,JI003,ES004,PR003,RS004,WL003,Yes,,,787
A0570,JS001,JI002,ES001,PR003,RS002,WL003,No,,,789
A0571,JS004,JI003,ES004,PR003,RS001,WL003,No,,,791
A0572,JS004,JI001,ES001,PR003,RS001,WL003,No,,,792
A0573,JS003,JI003,ES002,PR003,RS001,WL002,No,,,793
A0574,JS001,JI002,ES004,PR003,RS003,WL002,No,,,796
A0575,JS004,JI004,ES002,PR003,RS003,WL003,No,,,797
A0576,JS001,JI003,ES004,PR003,RS002,WL003,Yes,,,799
A0577,JS004,JI003,ES003,PR003,RS002,WL003,No,,,800
A0578,JS001,JI003,ES004,PR003,RS002,WL002,Yes,,,802
A0579,JS001,JI004,ES001,PR003,RS004,WL003,Yes,,,803
A0580,JS001,JI002,ES003,PR003,RS003,WL003,No,,,804
A0581,JS004,JI003,ES001,PR003,RS002,WL002,No,,,805
A0582,JS003,JI001,ES004,PR004,RS003,WL003,No,,,806
A0583,JS002,JI004,ES003,PR004,RS004,WL003,No,,,807
A0584,JS001,JI003,ES003,PR003,RS002,WL003,No,,,808
A0585,JS004,JI003,ES002,PR003,RS002,WL002,No,,,809
A0586,JS001,JI004,ES003,PR004,RS003,WL003,Yes,,,811
A0587,JS002,JI002,ES003,PR003,RS003,WL003,No,,,812
A0588,JS003,JI003,ES004,PR004,RS002,WL003,No,,,813
A0589,JS003,JI003,ES003,PR003,RS004,WL003,No,,,815
A0590,JS001,JI002,ES002,PR003,RS004,WL003,Yes,,,816
A0591,JS003,JI003,ES003,PR003,RS004,WL004,No,,,817
A0592,JS001,JI003,ES001,PR003,RS003,WL003,No,,,819
A0593,JS004,JI003,ES003,PR003,RS003,WL002,Yes,,,820
A0594,JS002,JI003,ES003,PR003,RS001,WL003,No,,,823
A0595,JS003,JI004,ES003,PR004,RS003,WL003,No,,,824
A0596,JS002,JI003,ES004,PR003,RS004,WL003,Yes,,,825
A0597,JS003,JI004,ES004,PR003,RS003,WL003,No,,,826
A0598,JS004,JI002,ES004,PR003,RS004,WL003,Yes,,,827
A0599,JS003,JI003,ES003,PR003,RS004,WL002,No,,,828
A0600,JS002,JI003,ES003,PR003,RS002,WL003,No,,,829
A0601,JS003,JI002,ES003,PR003,RS003,WL003,No,,,830
A0602,JS003,JI002,ES001,PR003,RS004,WL003,No,,,832
A0603,JS004,JI002,ES003,PR004,RS002,WL002,Yes,,,833
A0604,JS003,JI002,ES002,PR003,RS004,WL003,No,,,834
A0605,JS002,JI003,ES002,PR003,RS004,WL002,No,,,836
A0606,JS001,JI002,ES001,PR003,RS003,WL002,No,,,837
A0607,JS004,JI002,ES003,PR003,RS003,WL003,No,,,838
A0608,JS004,JI003,ES003,PR003,RS001,WL004,No,,,840
A0609,JS004,JI003,ES003,PR003,RS003,WL002,No,,,842
A0610,JS001,JI003,ES002,PR004,RS003,WL003,No,,,843
A0611,JS004,JI002,ES003,PR003,RS002,WL003,Yes,,,844
A0612,JS003,JI003,ES003,PR004,RS002,WL004,No,,,845
A0613,JS002,JI003,ES002,PR004,RS001,WL003,Yes,,,846
A0614,JS004,JI003,ES003,PR003,RS003,WL001,No,,,847
A0615,JS003,JI002,ES003,PR003,RS001,WL003,Yes,,,848
A0616,JS004,JI003,ES004,PR003,RS003,WL002,No,,,850
A0617,JS003,JI003,ES001,PR003,RS003,WL002,No,,,851
A0618,JS002,JI003,ES004,PR003,RS004,WL002,No,,,852
A0619,JS001,JI004,ES001,PR003,RS003,WL002,No,,,854
A0620,JS001,JI004,ES001,PR004,RS001,WL003,No,,,855
A0621,JS001,JI002,ES003,PR003,RS004,WL002,No,,,856
A0622,JS004,JI003,ES002,PR003,RS004,WL002,Yes,,,857
A0623,JS004,JI003,ES002,PR003,RS003,WL002,No,,,859
A0624,JS004,JI002,ES002,PR003,RS002,WL002,No,,,861
A0625,JS004,JI002,ES001,PR003,RS004,WL003,Yes,,,862
A0626,JS001,JI003,ES004,PR003,RS003,WL003,Yes,,,864
A0627,JS003,JI004,ES003,PR003,RS003,WL002,No,,,865
A0628,JS004,JI002,ES003,PR004,RS003,WL003,No,,,867
A0629,JS003,JI002,ES004,PR003,RS004,WL003,No,,,868
A0630,JS004,JI002,ES002,PR003,RS004,WL003,No,,,869
A0631,JS004,JI002,ES004,PR004,RS001,WL001,No,,,872
A0632,JS004,JI004,ES001,PR004,RS003,WL002,Yes,,,874
A0633,JS004,JI003,ES002,PR003,RS004,WL003,Yes,,,875
A0634,JS001,JI002,ES001,PR004,RS003,WL003,No,,,878
A0635,JS001,JI003,ES003,PR003,RS004,WL003,Yes,,,879
A0636,JS003,JI002,ES004,PR004,RS002,WL003,Yes,,,880
A0637,JS002,JI003,ES004,PR003,RS001,WL002,Yes,,,881
A0638,JS004,JI003,ES004,PR003,RS002,WL003,No,,,882
A0639,JS001,JI002,ES003,PR003,RS001,WL004,No,,,885
A0640,JS001,JI003,ES003,PR003,RS002,WL003,No,,,887
A0641,JS004,JI002,ES001,PR003,RS004,WL002,No,,,888
A0642,JS002,JI003,ES002,PR003,RS004,WL003,No,,,889
A0643,JS002,JI002,ES002,PR003,RS004,WL003,No,,,893
A0644,JS004,JI004,ES003,PR003,RS002,WL002,Yes,,,894
A0645,JS004,JI003,ES004,PR003,RS002,WL003,Yes,,,895
A0646,JS003,JI002,ES002,PR003,RS003,WL003,Yes,,,896
A0647,JS004,JI003,ES001,PR003,RS003,WL003,No,,,897
A0648,JS002,JI002,ES004,PR003,RS001,WL003,No,,,899
A0649,JS004,JI003,ES003,PR003,RS002,WL003,No,,,900
A0650,JS004,JI003,ES004,PR003,RS003,WL003,No,,,901
A0651,JS004,JI003,ES004,PR003,RS002,WL002,No,,,902
A0652,JS004,JI003,ES003,PR004,RS001,WL003,Yes,,,903
A0653,JS002,JI003,ES001,PR003,RS004,WL003,Yes,,,904
A0654,JS001,JI003,ES001,PR003,RS004,WL003,No,,,905
A0655,JS004,JI002,ES004,PR003,RS003,WL003,No,,,909
A0656,JS002,JI003,ES004,PR003,RS003,WL004,Yes,,,910
A0657,JS004,JI003,ES001,PR004,RS003,WL001,Yes,,,911
A0658,JS004,JI002,ES001,PR003,RS003,WL003,No,,,912
A0659,JS001,JI003,ES002,PR003,RS004,WL003,Yes,,,913
A0660,JS004,JI003,ES001,PR003,RS002,WL003,No,,,916
A0661,JS004,JI002,ES004,PR003,RS004,WL002,Yes,,,918
A0662,JS002,JI003,ES001,PR004,RS003,WL004,No,,,920
A0663,JS003,JI002,ES003,PR003,RS004,WL002,No,,,922
A0664,JS004,JI003,ES004,PR003,RS001,WL002,No,,,923
A0665,JS004,JI003,ES003,PR003,RS001,WL002,Yes,,,924
A0666,JS004,JI002,ES004,PR003,RS001,WL002,Yes,,,925
A0667,JS003,JI003,ES002,PR003,RS001,WL004,Yes,,,926
A0668,JS004,JI001,ES002,PR003,RS003,WL002,Yes,,,927
A0669,JS003,JI003,ES003,PR003,RS002,WL003,No,,,930
A0670,JS001,JI003,ES004,PR004,RS004,WL001,Yes,,,932
A0671,JS003,JI003,ES002,PR003,RS003,WL003,No,,,933
A0672,JS002,JI003,ES002,PR003,RS002,WL003,No,,,934
A0673,JS003,JI002,ES003,PR003,RS001,WL003,No,,,936
A0674,JS001,JI002,ES003,PR003,RS002,WL003,Yes,,,939
A0675,JS002,JI002,ES003,PR003,RS004,WL003,Yes,,,940
A0676,JS003,JI002,ES002,PR003,RS002,WL004,No,,,941
A0677,JS004,JI003,ES004,PR004,RS004,WL001,Yes,,,942
A0678,JS002,JI003,ES001,PR003,RS003,WL002,No,,,944
A0679,JS003,JI003,ES004,PR003,RS001,WL002,No,,,945
A0680,JS003,JI003,ES004,PR003,RS004,WL002,No,,,947
A0681,JS004,JI003,ES002,PR003,RS003,WL003,No,,,949
A0682,JS001,JI003,ES004,PR003,RS002,WL003,No,,,950
A0683,JS002,JI002,ES003,PR004,RS003,WL003,No,,,951
A0684,JS002,JI002,ES003,PR003,RS003,WL003,Yes,,,952
A0685,JS002,JI002,ES001,PR003,RS002,WL002,No,,,954
A0686,JS001,JI002,ES003,PR003,RS002,WL003,No,,,956
A0687,JS001,JI003,ES004,PR003,RS003,WL003,Yes,,,957
A0688,JS003,JI003,ES003,PR004,RS003,WL003,No,,,958
A0689,JS002,JI002,ES004,PR003,RS002,WL004,Yes,,,959
A0690,JS001,JI003,ES001,PR003,RS002,WL003,No,,,960
A0691,JS004,JI003,ES004,PR003,RS003,WL001,Yes,,,961
A0692,JS002,JI003,ES004,PR003,RS004,WL003,Yes,,,964
A0693,JS001,JI003,ES003,PR003,RS003,WL004,No,,,966
A0694,JS004,JI002,ES003,PR003,RS001,WL003,Yes,,,967
A0695,JS004,JI002,ES002,PR003,RS001,WL003,No,,,969
A0696,JS003,JI002,ES001,PR003,RS003,WL001,No,,,970
A0697,JS002,JI003,ES003,PR003,RS002,WL002,No,,,972
A0698,JS004,JI003,ES003,PR003,RS002,WL003,No,,,974
A0699,JS003,JI003,ES003,PR003,RS002,WL003,No,,,975
A0700,JS004,JI003,ES004,PR003,RS002,WL002,No,,,976
A0701,JS003,JI003,ES004,PR004,RS001,WL003,No,,,977
A0702,JS003,JI003,ES003,PR003,RS003,WL004,No,,,981
A0703,JS003,JI003,ES003,PR003,RS001,WL004,No,,,982
A0704,JS004,JI003,ES003,PR003,RS002,WL003,Yes,,,983
A0705,JS004,JI003,ES004,PR003,RS002,WL003,No,,,984
A0706,JS003,JI004,ES001,PR003,RS004,WL003,No,,,985
A0707,JS002,JI004,ES002,PR003,RS004,WL002,Yes,,,986
A0708,JS003,JI004,ES003,PR003,RS003,WL004,Yes,,,987
A0709,JS004,JI003,ES001,PR003,RS004,WL003,No,,,990
A0710,JS001,JI002,ES003,PR004,RS001,WL003,Yes,,,991
A0711,JS003,JI003,ES004,PR003,RS004,WL003,No,,,992
A0712,JS001,JI002,ES004,PR004,RS003,WL003,Yes,,,994
A0713,JS004,JI003,ES002,PR003,RS001,WL003,No,,,995
A0714,JS004,JI003,ES004,PR003,RS004,WL003,No,,,996
A0715,JS004,JI003,ES004,PR004,RS003,WL002,No,,,997
A0716,JS002,JI004,ES003,PR003,RS001,WL003,Yes,,,998
A0717,JS003,JI003,ES001,PR003,RS002,WL004,No,,,999
A0718,JS002,JI003,ES003,PR003,RS002,WL003,No,,,1001
A0719,JS001,JI003,ES004,PR003,RS003,WL003,Yes,,,1002
A0720,JS004,JI003,ES004,PR003,RS003,WL003,Yes,,,1003
A0721,JS003,JI003,ES001,PR003,RS002,WL003,Yes,,,1004
A0722,JS003,JI003,ES004,PR003,RS004,WL003,Yes,,,1005
A0723,JS003,JI003,ES003,PR003,RS002,WL002,No,,,1006
A0724,JS003,JI003,ES004,PR003,RS002,WL003,No,,,1007
A0725,JS003,JI002,ES004,PR003,RS002,WL003,No,,,1009
A0726,JS002,JI002,ES003,PR004,RS004,WL001,Yes,,,1010
A0727,JS001,JI003,ES003,PR003,RS003,WL003,No,,,1011
A0728,JS004,JI003,ES002,PR003,RS004,WL003,No,,,1012
A0729,JS003,JI003,ES003,PR003,RS003,WL003,No,,,1013
A0730,JS003,JI003,ES003,PR003,RS003,WL002,Yes,,,1014
A0731,JS001,JI004,ES002,PR003,RS003,WL002,Yes,,,1015
A0732,JS001,JI002,ES004,PR003,RS001,WL003,Yes,,,1016
A0733,JS002,JI003,ES002,PR003,RS001,WL003,No,,,1017
A0734,JS004,JI004,ES004,PR003,RS002,WL003,No,,,1018
A0735,JS001,JI001,ES002,PR003,RS001,WL002,No,,,1019
A0736,JS003,JI002,ES001,PR003,RS004,WL003,No,,,1022
A0737,JS003,JI002,ES003,PR003,RS002,WL003,No,,,1024
A0738,JS003,JI003,ES004,PR003,RS002,WL003,No,,,1025
A0739,JS004,JI002,ES004,PR003,RS003,WL003,No,,,1026
A0740,JS004,JI003,ES001,PR003,RS002,WL003,No,,,1027
A0741,JS004,JI003,ES002,PR004,RS001,WL002,No,,,1028
A0742,JS003,JI003,ES004,PR003,RS002,WL004,No,,,1029
A0743,JS004,JI003,ES001,PR003,RS002,WL003,No,,,1030
A0744,JS004,JI002,ES003,PR003,RS001,WL003,Yes,,,1032
A0745,JS002,JI001,ES001,PR003,RS001,WL001,No,,,1033
A0746,JS002,JI003,ES003,PR003,RS004,WL003,Yes,,,1034
A0747,JS003,JI001,ES002,PR004,RS002,WL003,No,,,1035
A0748,JS004,JI003,ES002,PR003,RS003,WL003,Yes,,,1036
A0749,JS001,JI001,ES002,PR003,RS004,WL003,No,,,1037
A0750,JS004,JI001,ES001,PR003,RS004,WL003,No,,,1038
A0751,JS004,JI004,ES004,PR003,RS003,WL003,Yes,,,1039
A0752,JS003,JI003,ES004,PR003,RS001,WL003,No,,,1040
A0753,JS001,JI004,ES003,PR003,RS003,WL003,No,,,1042
A0754,JS001,JI003,ES004,PR003,RS003,WL003,Yes,,,1043
A0755,JS004,JI002,ES002,PR003,RS004,WL002,No,,,1044
A0756,JS004,JI003,ES004,PR003,RS002,WL004,No,,,1045
A0757,JS003,JI003,ES004,PR003,RS002,WL003,No,,,1046
A0758,JS004,JI004,ES002,PR003,RS004,WL002,No,,,1047
A0759,JS004,JI003,ES002,PR003,RS003,WL001,Yes,,,1048
A0760,JS002,JI003,ES002,PR003,RS001,WL003,No,,,1049
A0761,JS002,JI002,ES003,PR003,RS001,WL003,No,,,1050
A0762,JS003,JI003,ES001,PR003,RS002,WL002,No,,,1052
A0763,JS001,JI003,ES001,PR003,RS002,WL003,Yes,,,1053
A0764,JS003,JI003,ES003,PR003,RS004,WL003,Yes,,,1055
A0765,JS002,JI003,ES004,PR004,RS002,WL003,No,,,1056
A0766,JS003,JI003,ES003,PR003,RS001,WL003,No,,,1060
A0767,JS003,JI003,ES002,PR003,RS004,WL002,Yes,,,1061
A0768,JS002,JI003,ES004,PR003,RS001,WL002,No,,,1062
A0769,JS001,JI003,ES003,PR003,RS002,WL002,No,,,1066
A0770,JS003,JI002,ES001,PR003,RS003,WL003,No,,,1068
A0771,JS004,JI003,ES004,PR003,RS004,WL003,No,,,1069
A0772,JS003,JI002,ES003,PR003,RS002,WL003,No,,,1070
A0773,JS003,JI003,ES001,PR003,RS002,WL003,No,,,1071
A0774,JS004,JI002,ES004,PR003,RS002,WL002,No,,,1073
A0775,JS001,JI002,ES003,PR003,RS002,WL004,No,,,1074
A0776,JS004,JI002,ES003,PR003,RS003,WL003,No,,,1076
A0777,JS004,JI003,ES004,PR003,RS002,WL003,Yes,,,1077
A0778,JS001,JI002,ES003,PR003,RS001,WL002,No,,,1079
A0779,JS001,JI002,ES004,PR004,RS001,WL003,Yes,,,1080
A0780,JS003,JI003,ES001,PR003,RS003,WL004,Yes,,,1081
A0781,JS001,JI002,ES002,PR003,RS001,WL002,No,,,1082
A0782,JS001,JI002,ES001,PR003,RS001,WL003,No,,,1083
A0783,JS001,JI003,ES003,PR003,RS003,WL002,No,,,1084
A0784,JS003,JI004,ES002,PR003,RS003,WL003,No,,,1085
A0785,JS003,JI002,ES003,PR003,RS001,WL002,No,,,1088
A0786,JS004,JI003,ES001,PR004,RS004,WL003,No,,,1092
A0787,JS003,JI001,ES001,PR003,RS004,WL003,No,,,1094
A0788,JS002,JI003,ES004,PR003,RS002,WL003,No,,,1096
A0789,JS003,JI003,ES003,PR003,RS004,WL004,No,,,1097
A0790,JS001,JI002,ES002,PR003,RS004,WL003,No,,,1098
A0791,JS004,JI002,ES004,PR003,RS003,WL003,No,,,1099
A0792,JS001,JI003,ES004,PR004,RS001,WL003,Yes,,,1100
A0793,JS003,JI002,ES001,PR004,RS002,WL003,No,,,1101
A0794,JS003,JI003,ES001,PR003,RS004,WL002,No,,,1102
A0795,JS004,JI003,ES001,PR003,RS003,WL002,No,,,1103
A0796,JS004,JI002,ES004,PR003,RS003,WL003,Yes,,,1105
A0797,JS004,JI003,ES004,PR003,RS002,WL004,Yes,,,1106
A0798,JS003,JI003,ES001,PR004,RS003,WL002,No,,,1107
A0799,JS002,JI002,ES001,PR004,RS002,WL003,Yes,,,1108
A0800,JS001,JI003,ES004,PR003,RS004,WL003,No,,,1109
A0801,JS002,JI002,ES001,PR003,RS001,WL003,No,,,1111
A0802,JS003,JI003,ES004,PR003,RS004,WL003,Yes,,,1113
A0803,JS002,JI003,ES004,PR003,RS003,WL003,No,,,1114
A0804,JS004,JI002,ES003,PR003,RS004,WL003,No,,,1115
A0805,JS004,JI004,ES001,PR004,RS003,WL002,No,,,1116
A0806,JS003,JI002,ES002,PR003,RS004,WL003,No,,,1117
A0807,JS002,JI003,ES002,PR003,RS004,WL003,No,,,1118
A0808,JS003,JI002,ES003,PR003,RS002,WL003,Yes,,,1119
A0809,JS004,JI003,ES003,PR004,RS001,WL003,No,,,1120
A0810,JS002,JI003,ES004,PR003,RS002,WL002,No,,,1121
A0811,JS003,JI003,ES001,PR003,RS004,WL003,No,,,1124
A0812,JS002,JI003,ES004,PR003,RS003,WL003,No,,,1125
A0813,JS001,JI003,ES003,PR003,RS003,WL003,No,,,1126
A0814,JS004,JI003,ES001,PR003,RS004,WL003,No,,,1127
A0815,JS003,JI002,ES003,PR003,RS001,WL004,No,,,1128
A0816,JS002,JI002,ES004,PR003,RS003,WL004,Yes,,,1131
A0817,JS002,JI003,ES003,PR003,RS003,WL002,No,,,1132
A0818,JS004,JI003,ES001,PR004,RS001,WL003,No,,,1133
A0819,JS004,JI004,ES003,PR003,RS001,WL003,No,,,1135
A0820,JS002,JI002,ES001,PR003,RS001,WL001,No,,,1136
A0821,JS004,JI003,ES004,PR003,RS004,WL003,No,,,1137
A0822,JS002,JI002,ES004,PR003,RS002,WL003,No,,,1138
A0823,JS003,JI003,ES004,PR003,RS004,WL002,No,,,1140
A0824,JS002,JI003,ES004,PR003,RS004,WL002,No,,,1143
A0825,JS004,JI001,ES002,PR003,RS001,WL003,No,,,1148
A0826,JS004,JI002,ES002,PR003,RS003,WL002,Yes,,,1150
A0827,JS003,JI004,ES003,PR003,RS004,WL004,No,,,1152
A0828,JS003,JI002,ES003,PR003,RS004,WL003,Yes,,,1154
A0829,JS003,JI003,ES003,PR003,RS004,WL003,No,,,1156
A0830,JS001,JI003,ES001,PR003,RS001,WL003,Yes,,,1157
A0831,JS004,JI003,ES002,PR003,RS001,WL003,Yes,,,1158
A0832,JS003,JI003,ES003,PR003,RS003,WL002,No,,,1160
A0833,JS004,JI002,ES003,PR003,RS003,WL003,No,,,1161
A0834,JS003,JI002,ES004,PR003,RS003,WL003,No,,,1162
A0835,JS003,JI003,ES002,PR004,RS001,WL002,No,,,1163
A0836,JS003,JI003,ES003,PR003,RS002,WL001,No,,,1164
A0837,JS001,JI002,ES004,PR003,RS001,WL001,No,,,1165
A0838,JS003,JI003,ES002,PR003,RS003,WL002,No,,,1166
A0839,JS001,JI003,ES003,PR003,RS002,WL002,Yes,,,1167
A0840,JS001,JI003,ES002,PR003,RS004,WL004,No,,,1171
A0841,JS003,JI002,ES004,PR003,RS002,WL003,No,,,1172
A0842,JS002,JI003,ES004,PR004,RS004,WL003,No,,,1173
A0843,JS004,JI003,ES003,PR003,RS004,WL002,Yes,,,1175
A0844,JS004,JI004,ES001,PR004,RS002,WL003,No,,,1177
A0845,JS003,JI002,ES003,PR003,RS001,WL003,No,,,1179
A0846,JS004,JI002,ES003,PR003,RS004,WL001,Yes,,,1180
A0847,JS002,JI002,ES003,PR003,RS002,WL004,No,,,1182
A0848,JS001,JI002,ES004,PR004,RS003,WL003,No,,,1184
A0849,JS004,JI002,ES004,PR003,RS002,WL004,No,,,1185
A0850,JS003,JI001,ES001,PR003,RS002,WL002,No,,,1188
A0851,JS001,JI003,ES003,PR003,RS003,WL003,No,,,1190
A0852,JS001,JI003,ES004,PR003,RS004,WL003,No,,,1191
A0853,JS004,JI003,ES002,PR003,RS001,WL003,No,,,1192
A0854,JS001,JI003,ES003,PR004,RS003,WL003,No,,,1193
A0855,JS003,JI003,ES001,PR003,RS003,WL002,Yes,,,1195
A0856,JS004,JI002,ES004,PR003,RS002,WL002,No,,,1196
A0857,JS003,JI002,ES001,PR003,RS001,WL002,No,,,1198
A0858,JS003,JI003,ES003,PR003,RS003,WL003,Yes,,,1200
A0859,JS003,JI003,ES004,PR003,RS002,WL003,No,,,1201
A0860,JS004,JI001,ES002,PR003,RS001,WL002,Yes,,,1202
A0861,JS004,JI002,ES003,PR003,RS002,WL003,Yes,,,1203
A0862,JS001,JI003,ES003,PR004,RS001,WL003,No,,,1204
A0863,JS003,JI001,ES004,PR003,RS004,WL003,No,,,1206
A0864,JS003,JI003,ES002,PR003,RS004,WL003,No,,,1207
A0865,JS001,JI002,ES001,PR003,RS001,WL001,No,,,1210
A0866,JS001,JI003,ES003,PR003,RS003,WL003,No,,,1211
A0867,JS002,JI003,ES002,PR003,RS004,WL003,No,,,1212
A0868,JS001,JI003,ES004,PR004,RS003,WL003,No,,,1215
A0869,JS001,JI002,ES004,PR003,RS003,WL003,No,,,1216
A0870,JS002,JI003,ES004,PR003,RS001,WL003,No,,,1217
A0871,JS001,JI003,ES003,PR003,RS004,WL003,Yes,,,1218
A0872,JS002,JI003,ES004,PR003,RS001,WL001,No,,,1219
A0873,JS003,JI003,ES002,PR003,RS001,WL002,No,,,1220
A0874,JS003,JI001,ES003,PR003,RS003,WL003,No,,,1221
A0875,JS003,JI003,ES003,PR003,RS001,WL002,No,,,1224
A0876,JS004,JI003,ES004,PR004,RS002,WL003,No,,,1225
A0877,JS004,JI004,ES003,PR003,RS004,WL003,No,,,1226
A0878,JS004,JI003,ES004,PR003,RS003,WL002,No,,,1228
A0879,JS001,JI004,ES004,PR003,RS001,WL004,No,,,1231
A0880,JS004,JI004,ES002,PR003,RS002,WL003,Yes,,,1233
A0881,JS002,JI002,ES003,PR004,RS003,WL003,No,,,1234
A0882,JS003,JI003,ES004,PR003,RS004,WL003,Yes,,,1235
A0883,JS001,JI001,ES003,PR004,RS003,WL003,Yes,,,1237
A0884,JS004,JI003,ES001,PR003,RS002,WL003,No,,,1238
A0885,JS002,JI002,ES002,PR003,RS002,WL004,No,,,1239
A0886,JS004,JI003,ES003,PR003,RS002,WL003,No,,,1240
A0887,JS002,JI003,ES004,PR004,RS001,WL003,Yes,,,1241
A0888,JS001,JI003,ES001,PR003,RS003,WL003,Yes,,,1242
A0889,JS004,JI002,ES003,PR003,RS002,WL002,Yes,,,1243
A0890,JS001,JI003,ES001,PR003,RS004,WL002,Yes,,,1244
A0891,JS003,JI003,ES004,PR003,RS001,WL001,No,,,1245
A0892,JS004,JI004,ES001,PR003,RS004,WL003,No,,,1246
A0893,JS002,JI002,ES001,PR004,RS002,WL004,Yes,,,1248
A0894,JS004,JI003,ES001,PR003,RS001,WL003,No,,,1249
A0895,JS004,JI003,ES004,PR003,RS001,WL003,No,,,1250
A0896,JS001,JI003,ES003,PR003,RS004,WL002,Yes,,,1251
A0897,JS001,JI002,ES003,PR003,RS002,WL003,No,,,1252
A0898,JS004,JI002,ES003,PR003,RS004,WL003,No,,,1254
A0899,JS004,JI001,ES003,PR003,RS002,WL003,No,,,1255
A0900,JS003,JI002,ES001,PR003,RS003,WL004,No,,,1256
A0901,JS002,JI003,ES003,PR003,RS003,WL002,No,,,1257
A0902,JS002,JI004,ES004,PR003,RS003,WL002,No,,,1258
A0903,JS003,JI003,ES001,PR003,RS002,WL003,No,,,1259
A0904,JS004,JI003,ES003,PR003,RS002,WL003,Yes,,,1260
A0905,JS004,JI002,ES004,PR003,RS003,WL004,No,,,1263
A0906,JS004,JI002,ES004,PR003,RS002,WL002,No,,,1264
A0907,JS003,JI004,ES003,PR003,RS004,WL002,No,,,1265
A0908,JS002,JI003,ES002,PR003,RS003,WL003,No,,,1267
A0909,JS003,JI004,ES004,PR003,RS004,WL003,Yes,,,1268
A0910,JS004,JI004,ES002,PR003,RS004,WL003,Yes,,,1269
A0911,JS003,JI003,ES004,PR004,RS004,WL003,No,,,1270
A0912,JS004,JI001,ES003,PR003,RS004,WL003,Yes,,,1273
A0913,JS004,JI003,ES003,PR004,RS002,WL002,Yes,,,1275
A0914,JS002,JI001,ES001,PR003,RS001,WL003,Yes,,,1277
A0915,JS002,JI002,ES004,PR003,RS004,WL003,Yes,,,1278
A0916,JS003,JI002,ES001,PR004,RS003,WL001,No,,,1279
A0917,JS002,JI002,ES004,PR003,RS003,WL003,No,,,1280
A0918,JS001,JI003,ES003,PR003,RS004,WL003,Yes,,,1281
A0919,JS002,JI003,ES004,PR004,RS001,WL002,Yes,,,1282
A0920,JS004,JI003,ES004,PR003,RS004,WL002,No,,,1283
A0921,JS002,JI003,ES003,PR003,RS003,WL004,No,,,1285
A0922,JS003,JI003,ES004,PR003,RS003,WL002,Yes,,,1286
A0923,JS001,JI004,ES003,PR003,RS004,WL002,No,,,1288
A0924,JS002,JI002,ES003,PR003,RS004,WL004,No,,,1289
A0925,JS003,JI003,ES003,PR003,RS004,WL003,Yes,,,1291
A0926,JS002,JI004,ES002,PR003,RS004,WL003,Yes,,,1292
A0927,JS004,JI002,ES004,PR003,RS004,WL004,No,,,1293
A0928,JS002,JI003,ES003,PR003,RS004,WL003,Yes,,,1294
A0929,JS004,JI003,ES001,PR003,RS004,WL003,No,,,1295
A0930,JS004,JI002,ES004,PR003,RS002,WL003,Yes,,,1296
A0931,JS003,JI002,ES002,PR003,RS002,WL002,No,,,1297
A0932,JS003,JI003,ES003,PR003,RS003,WL003,Yes,,,1298
A0933,JS003,JI003,ES002,PR003,RS001,WL003,Yes,,,1299
A0934,JS001,JI003,ES004,PR003,RS002,WL002,No,,,1301
A0935,JS002,JI003,ES004,PR003,RS004,WL002,No,,,1303
A0936,JS004,JI004,ES003,PR003,RS003,WL004,No,,,1304
A0937,JS002,JI003,ES002,PR004,RS003,WL003,No,,,1306
A0938,JS002,JI002,ES003,PR003,RS004,WL003,Yes,,,1307
A0939,JS003,JI003,ES001,PR003,RS004,WL003,No,,,1308
A0940,JS003,JI003,ES004,PR003,RS001,WL003,No,,,1309
A0941,JS001,JI003,ES003,PR003,RS001,WL003,No,,,1310
A0942,JS004,JI002,ES001,PR003,RS001,WL003,No,,,1311
A0943,JS003,JI003,ES004,PR003,RS001,WL003,No,,,1312
A0944,JS001,JI003,ES004,PR003,RS003,WL004,No,,,1314
A0945,JS004,JI001,ES003,PR003,RS001,WL003,No,,,1315
A0946,JS001,JI003,ES004,PR003,RS002,WL003,Yes,,,1317
A0947,JS002,JI002,ES004,PR003,RS003,WL003,Yes,,,1318
A0948,JS002,JI003,ES002,PR003,RS003,WL002,Yes,,,1319
A0949,JS001,JI003,ES002,PR004,RS004,WL003,Yes,,,1321
A0950,JS003,JI003,ES001,PR003,RS001,WL003,No,,,1322
A0951,JS003,JI003,ES004,PR003,RS001,WL002,Yes,,,1324
A0952,JS002,JI001,ES003,PR003,RS001,WL003,No,,,1329
A0953,JS002,JI003,ES004,PR003,RS001,WL004,Yes,,,1331
A0954,JS001,JI003,ES001,PR003,RS003,WL004,No,,,1333
A0955,JS003,JI003,ES003,PR003,RS004,WL002,Yes,,,1334
A0956,JS003,JI001,ES004,PR003,RS004,WL003,No,,,1336
A0957,JS002,JI003,ES004,PR003,RS001,WL003,No,,,1338
A0958,JS003,JI003,ES003,PR003,RS002,WL003,No,,,1340
A0959,JS004,JI003,ES004,PR003,RS004,WL002,No,,,1344
A0960,JS004,JI003,ES003,PR003,RS003,WL003,No,,,1346
A0961,JS001,JI003,ES003,PR003,RS004,WL003,No,,,1349
A0962,JS003,JI003,ES003,PR003,RS002,WL003,Yes,,,1350
A0963,JS002,JI003,ES003,PR003,RS002,WL003,Yes,,,1352
A0964,JS001,JI003,ES002,PR003,RS004,WL003,No,,,1355
A0965,JS001,JI003,ES003,PR003,RS004,WL004,No,,,1356
A0966,JS004,JI003,ES004,PR003,RS003,WL002,No,,,1358
A0967,JS001,JI002,ES003,PR003,RS004,WL002,Yes,,,1360
A0968,JS002,JI003,ES002,PR004,RS003,WL003,No,,,1361
A0969,JS001,JI004,ES001,PR003,RS004,WL002,No,,,1362
A0970,JS004,JI003,ES004,PR003,RS003,WL003,No,,,1363
A0971,JS004,JI004,ES003,PR003,RS002,WL003,No,,,1364
A0972,JS002,JI002,ES004,PR003,RS002,WL002,No,,,1367
A0973,JS004,JI003,ES004,PR003,RS003,WL004,No,,,1368
A0974,JS004,JI002,ES004,PR003,RS002,WL003,No,,,1369
A0975,JS004,JI001,ES004,PR004,RS002,WL003,No,,,1371
A0976,JS003,JI004,ES001,PR003,RS003,WL002,Yes,,,1372
A0977,JS002,JI003,ES004,PR003,RS001,WL003,Yes,,,1373
A0978,JS003,JI002,ES001,PR004,RS003,WL003,No,,,1374
A0979,JS003,JI004,ES002,PR004,RS002,WL003,No,,,1375
A0980,JS003,JI003,ES002,PR003,RS001,WL003,No,,,1377
A0981,JS004,JI002,ES003,PR003,RS003,WL004,No,,,1379
A0982,JS003,JI003,ES004,PR003,RS003,WL002,Yes,,,1380
A0983,JS003,JI004,ES004,PR003,RS004,WL003,No,,,1382
A0984,JS004,JI003,ES003,PR003,RS004,WL004,No,,,1383
A0985,JS001,JI002,ES003,PR003,RS003,WL003,No,,,1387
A0986,JS003,JI003,ES004,PR003,RS004,WL002,Yes,,,1389
A0987,JS004,JI002,ES001,PR003,RS004,WL004,Yes,,,1390
A0988,JS002,JI003,ES002,PR003,RS002,WL003,No,,,1391
A0989,JS004,JI003,ES004,PR003,RS001,WL002,Yes,,,1392
A0990,JS003,JI003,ES003,PR003,RS004,WL003,Yes,,,1394
A0991,JS004,JI003,ES002,PR003,RS001,WL004,No,,,1395
A0992,JS002,JI003,ES003,PR003,RS001,WL002,Yes,,,1396
A0993,JS003,JI003,ES003,PR004,RS002,WL003,No,,,1397
A0994,JS003,JI004,ES001,PR003,RS002,WL002,No,,,1399
A0995,JS003,JI004,ES004,PR003,RS002,WL002,Yes,,,1401
A0996,JS003,JI002,ES001,PR003,RS001,WL001,Yes,,,1402
A0997,JS004,JI002,ES004,PR003,RS004,WL003,Yes,,,1403
A0998,JS003,JI003,ES004,PR003,RS004,WL003,Yes,,,1405
A0999,JS004,JI002,ES001,PR003,RS004,WL003,No,,,1407
A1000,JS001,JI003,ES003,PR003,RS003,WL003,No,,,1408
A1001,JS001,JI003,ES003,PR003,RS003,WL001,No,,,1409
A1002,JS003,JI003,ES001,PR003,RS001,WL003,No,,,1411
A1003,JS004,JI003,ES003,PR003,RS003,WL003,No,,,1412
A1004,JS004,JI003,ES001,PR003,RS002,WL002,No,,,1415
A1005,JS001,JI004,ES003,PR003,RS004,WL003,No,,,1417
A1006,JS001,JI002,ES002,PR003,RS001,WL002,No,,,1419
A1007,JS001,JI002,ES001,PR004,RS001,WL003,No,,,1420
A1008,JS004,JI003,ES003,PR003,RS001,WL003,Yes,,,1421
A1009,JS004,JI003,ES004,PR003,RS004,WL002,No,,,1422
A1010,JS001,JI003,ES004,PR004,RS003,WL003,Yes,,,1423
A1011,JS004,JI004,ES002,PR003,RS004,WL004,No,,,1424
A1012,JS002,JI003,ES001,PR003,RS004,WL003,Yes,,,1425
A1013,JS003,JI001,ES002,PR003,RS002,WL003,No,,,1427
A1014,JS001,JI003,ES004,PR003,RS002,WL003,No,,,1428
A1015,JS002,JI003,ES001,PR003,RS003,WL004,No,,,1430
A1016,JS001,JI003,ES004,PR003,RS003,WL003,No,,,1431
A1017,JS002,JI002,ES001,PR003,RS003,WL004,No,,,1433
A1018,JS001,JI003,ES002,PR003,RS002,WL004,No,,,1434
A1019,JS004,JI002,ES001,PR003,RS003,WL002,No,,,1435
A1020,JS001,JI002,ES003,PR003,RS001,WL002,No,,,1436
A1021,JS004,JI003,ES001,PR003,RS003,WL002,No,,,1438
A1022,JS001,JI002,ES001,PR003,RS001,WL003,No,,,1439
A1023,JS003,JI004,ES003,PR003,RS001,WL001,No,,,1440
A1024,JS001,JI003,ES001,PR004,RS004,WL004,No,,,1441
A1025,JS003,JI003,ES001,PR003,RS002,WL004,No,,,1443
A1026,JS003,JI003,ES004,PR003,RS003,WL003,Yes,,,1445
A1027,JS004,JI003,ES004,PR003,RS003,WL002,No,,,1446
A1028,JS002,JI002,ES004,PR003,RS001,WL002,No,,,1447
A1029,JS003,JI004,ES002,PR003,RS001,WL002,Yes,,,1448
A1030,JS003,JI003,ES003,PR003,RS003,WL004,No,,,1449
A1031,JS004,JI003,ES001,PR003,RS001,WL003,No,,,1453
A1032,JS004,JI003,ES001,PR003,RS001,WL004,No,,,1457
A1033,JS001,JI002,ES001,PR004,RS002,WL004,Yes,,,1458
A1034,JS002,JI004,ES003,PR003,RS001,WL003,No,,,1459
A1035,JS001,JI001,ES002,PR003,RS002,WL003,Yes,,,1460
A1036,JS002,JI004,ES004,PR003,RS004,WL003,No,,,1461
A1037,JS004,JI003,ES002,PR003,RS003,WL001,Yes,,,1464
A1038,JS004,JI003,ES002,PR003,RS004,WL004,Yes,,,1465
A1039,JS001,JI003,ES003,PR003,RS001,WL003,No,,,1466
A1040,JS003,JI003,ES001,PR003,RS004,WL003,No,,,1467
A1041,JS002,JI002,ES004,PR003,RS003,WL003,No,,,1468
A1042,JS001,JI003,ES004,PR003,RS004,WL003,No,,,1469
A1043,JS003,JI002,ES003,PR003,RS004,WL003,No,,,1471
A1044,JS002,JI004,ES004,PR003,RS002,WL002,No,,,1472
A1045,JS003,JI003,ES001,PR003,RS002,WL002,No,,,1473
A1046,JS003,JI003,ES003,PR003,RS003,WL004,No,,,1474
A1047,JS002,JI003,ES004,PR003,RS003,WL002,No,,,1475
A1048,JS001,JI003,ES004,PR003,RS001,WL003,No,,,1477
A1049,JS001,JI001,ES004,PR003,RS004,WL003,No,,,1478
A1050,JS003,JI003,ES004,PR003,RS003,WL002,No,,,1479
A1051,JS004,JI003,ES001,PR003,RS003,WL003,No,,,1480
A1052,JS003,JI003,ES001,PR003,RS003,WL002,No,,,1481
A1053,JS003,JI003,ES003,PR003,RS002,WL002,No,,,1482
A1054,JS003,JI004,ES002,PR004,RS001,WL002,No,,,1483
A1055,JS002,JI003,ES003,PR003,RS002,WL003,No,,,1484
A1056,JS001,JI003,ES002,PR003,RS004,WL002,No,,,1485
A1057,JS003,JI003,ES001,PR003,RS004,WL004,No,,,1486
A1058,JS002,JI003,ES001,PR003,RS001,WL001,No,,,1487
A1059,JS002,JI002,ES001,PR004,RS003,WL004,Yes,,,1489
A1060,JS003,JI003,ES004,PR003,RS001,WL003,No,,,1492
A1061,JS001,JI003,ES002,PR003,RS003,WL002,Yes,,,1494
A1062,JS002,JI003,ES004,PR003,RS003,WL003,No,,,1495
A1063,JS003,JI003,ES002,PR003,RS002,WL002,Yes,,,1496
A1064,JS003,JI002,ES003,PR003,RS003,WL003,No,,,1497
A1065,JS003,JI003,ES003,PR004,RS001,WL004,No,,,1499
A1066,JS003,JI003,ES004,PR003,RS002,WL003,Yes,,,1501
A1067,JS002,JI002,ES001,PR003,RS004,WL003,No,,,1502
A1068,JS003,JI003,ES003,PR003,RS003,WL002,Yes,,,1503
A1069,JS001,JI002,ES003,PR003,RS003,WL002,No,,,1504
A1070,JS003,JI002,ES001,PR003,RS004,WL001,No,,,1506
A1071,JS001,JI003,ES003,PR003,RS004,WL003,No,,,1507
A1072,JS001,JI002,ES003,PR004,RS001,WL003,No,,,1509
A1073,JS002,JI003,ES004,PR003,RS003,WL003,No,,,1513
A1074,JS002,JI001,ES003,PR003,RS002,WL002,No,,,1514
A1075,JS003,JI003,ES004,PR003,RS001,WL003,Yes,,,1515
A1076,JS004,JI003,ES003,PR004,RS002,WL004,No,,,1516
A1077,JS004,JI003,ES002,PR004,RS001,WL003,No,,,1520
A1078,JS001,JI002,ES001,PR003,RS003,WL001,No,,,1522
A1079,JS001,JI003,ES004,PR003,RS003,WL004,No,,,1523
A1080,JS002,JI003,ES002,PR003,RS004,WL003,No,,,1525
A1081,JS002,JI003,ES003,PR003,RS004,WL004,No,,,1527
A1082,JS002,JI002,ES004,PR003,RS004,WL001,No,,,1529
A1083,JS003,JI003,ES001,PR003,RS002,WL003,No,,,1533
A1084,JS001,JI003,ES004,PR003,RS002,WL001,No,,,1534
A1085,JS003,JI002,ES004,PR003,RS004,WL003,Yes,,,1535
A1086,JS003,JI003,ES004,PR003,RS001,WL001,No,,,1537
A1087,JS004,JI001,ES003,PR003,RS004,WL003,Yes,,,1539
A1088,JS003,JI003,ES002,PR004,RS002,WL003,Yes,,,1541
A1089,JS002,JI002,ES003,PR003,RS002,WL003,No,,,1542
A1090,JS004,JI003,ES001,PR003,RS001,WL003,No,,,1543
A1091,JS001,JI001,ES003,PR003,RS003,WL003,No,,,1544
A1092,JS002,JI002,ES004,PR003,RS004,WL003,No,,,1545
A1093,JS004,JI003,ES004,PR004,RS004,WL003,No,,,1546
A1094,JS004,JI003,ES004,PR003,RS003,WL001,Yes,,,1547
A1095,JS001,JI003,ES001,PR003,RS004,WL004,No,,,1548
A1096,JS003,JI003,ES002,PR003,RS002,WL003,Yes,,,1549
A1097,JS004,JI003,ES003,PR004,RS004,WL003,Yes,,,1550
A1098,JS001,JI002,ES003,PR003,RS002,WL003,No,,,1551
A1099,JS004,JI003,ES004,PR003,RS003,WL003,Yes,,,1552
A1100,JS002,JI003,ES001,PR003,RS001,WL003,No,,,1553
A1101,JS003,JI002,ES002,PR004,RS001,WL003,No,,,1554
A1102,JS002,JI002,ES004,PR003,RS001,WL003,No,,,1555
A1103,JS004,JI003,ES003,PR004,RS004,WL002,Yes,,,1556
A1104,JS003,JI003,ES003,PR003,RS003,WL003,No,,,1557
A1105,JS003,JI004,ES003,PR003,RS001,WL002,No,,,1558
A1106,JS001,JI003,ES001,PR003,RS004,WL001,No,,,1560
A1107,JS001,JI002,ES002,PR003,RS004,WL003,No,,,1562
A1108,JS003,JI003,ES003,PR003,RS003,WL003,No,,,1563
A1109,JS001,JI002,ES004,PR003,RS002,WL003,No,,,1564
A1110,JS002,JI003,ES003,PR003,RS002,WL003,No,,,1568
A1111,JS001,JI003,ES001,PR003,RS004,WL003,Yes,,,1569
A1112,JS004,JI002,ES003,PR003,RS002,WL003,No,,,1572
A1113,JS002,JI003,ES003,PR003,RS001,WL003,No,,,1573
A1114,JS001,JI003,ES004,PR003,RS002,WL002,No,,,1574
A1115,JS001,JI003,ES003,PR003,RS004,WL002,No,,,1576
A1116,JS004,JI003,ES001,PR003,RS003,WL001,No,,,1577
A1117,JS004,JI002,ES003,PR004,RS003,WL003,No,,,1578
A1118,JS004,JI003,ES002,PR003,RS002,WL002,No,,,1580
A1119,JS004,JI003,ES001,PR004,RS001,WL003,No,,,1581
A1120,JS002,JI003,ES003,PR003,RS004,WL003,No,,,1582
A1121,JS002,JI003,ES002,PR003,RS002,WL004,No,,,1583
A1122,JS003,JI003,ES002,PR003,RS001,WL003,No,,,1585
A1123,JS001,JI003,ES002,PR003,RS004,WL003,Yes,,,1586
A1124,JS003,JI003,ES001,PR003,RS003,WL003,Yes,,,1587
A1125,JS003,JI004,ES004,PR003,RS001,WL003,No,,,1588
A1126,JS004,JI003,ES001,PR003,RS004,WL004,No,,,1590
A1127,JS003,JI003,ES003,PR003,RS003,WL003,Yes,,,1591
A1128,JS003,JI004,ES004,PR003,RS004,WL003,No,,,1592
A1129,JS001,JI004,ES001,PR003,RS004,WL003,Yes,,,1594
A1130,JS004,JI002,ES004,PR004,RS004,WL003,No,,,1595
A1131,JS003,JI004,ES002,PR003,RS004,WL002,No,,,1596
A1132,JS003,JI002,ES004,PR003,RS002,WL002,No,,,1597
A1133,JS001,JI003,ES004,PR003,RS003,WL003,No,,,1598
A1134,JS002,JI004,ES004,PR003,RS003,WL003,No,,,1599
A1135,JS004,JI002,ES003,PR003,RS004,WL002,No,,,1601
A1136,JS001,JI004,ES004,PR003,RS002,WL001,No,,,1602
A1137,JS002,JI003,ES003,PR003,RS003,WL003,Yes,,,1604
A1138,JS003,JI002,ES002,PR003,RS002,WL002,Yes,,,1605
A1139,JS003,JI003,ES002,PR003,RS003,WL003,Yes,,,1606
A1140,JS004,JI004,ES002,PR003,RS004,WL003,No,,,1607
A1141,JS004,JI003,ES002,PR003,RS004,WL002,Yes,,,1608
A1142,JS002,JI002,ES002,PR003,RS002,WL002,No,,,1609
A1143,JS001,JI001,ES003,PR003,RS001,WL003,Yes,,,1611
A1144,JS001,JI002,ES001,PR003,RS001,WL003,No,,,1612
A1145,JS001,JI003,ES004,PR003,RS004,WL003,No,,,1613
A1146,JS003,JI003,ES003,PR003,RS002,WL003,Yes,,,1614
A1147,JS004,JI004,ES003,PR003,RS001,WL003,No,,,1615
A1148,JS001,JI003,ES003,PR003,RS004,WL002,No,,,1617
A1149,JS001,JI003,ES002,PR003,RS004,WL003,No,,,1618
A1150,JS001,JI002,ES004,PR003,RS001,WL003,No,,,1619
A1151,JS001,JI004,ES002,PR003,RS004,WL003,No,,,1621
A1152,JS001,JI001,ES002,PR004,RS002,WL002,No,,,1622
A1153,JS004,JI003,ES003,PR003,RS003,WL003,No,,,1623
A1154,JS004,JI003,ES002,PR003,RS003,WL004,Yes,,,1624
A1155,JS003,JI003,ES004,PR003,RS003,WL003,No,,,1625
A1156,JS003,JI002,ES003,PR003,RS004,WL003,No,,,1627
A1157,JS003,JI002,ES001,PR003,RS004,WL003,No,,,1628
A1158,JS003,JI003,ES003,PR003,RS004,WL003,No,,,1630
A1159,JS003,JI003,ES003,PR003,RS001,WL002,No,,,1631
A1160,JS003,JI003,ES001,PR003,RS004,WL001,No,,,1633
A1161,JS004,JI002,ES004,PR003,RS001,WL003,No,,,1635
A1162,JS003,JI002,ES004,PR003,RS004,WL004,Yes,,,1638
A1163,JS001,JI002,ES004,PR003,RS003,WL003,No,,,1639
A1164,JS002,JI003,ES002,PR003,RS001,WL001,No,,,1640
A1165,JS004,JI003,ES003,PR003,RS004,WL002,Yes,,,1641
A1166,JS004,JI003,ES001,PR003,RS003,WL003,Yes,,,1642
A1167,JS004,JI002,ES003,PR004,RS002,WL003,No,,,1644
A1168,JS004,JI001,ES001,PR003,RS004,WL002,Yes,,,1645
A1169,JS004,JI003,ES001,PR003,RS003,WL003,Yes,,,1646
A1170,JS003,JI004,ES002,PR003,RS001,WL003,No,,,1647
A1171,JS004,JI003,ES004,PR003,RS003,WL002,No,,,1648
A1172,JS001,JI003,ES001,PR003,RS002,WL001,Yes,,,1649
A1173,JS003,JI002,ES003,PR003,RS003,WL003,No,,,1650
A1174,JS001,JI003,ES002,PR003,RS003,WL003,No,,,1651
A1175,JS003,JI004,ES004,PR003,RS003,WL003,No,,,1653
A1176,JS002,JI003,ES004,PR004,RS003,WL003,No,,,1654
A1177,JS002,JI003,ES001,PR003,RS002,WL003,No,,,1655
A1178,JS001,JI002,ES004,PR003,RS003,WL003,No,,,1656
A1179,JS003,JI003,ES003,PR003,RS001,WL003,No,,,1657
A1180,JS002,JI003,ES004,PR003,RS003,WL003,No,,,1658
A1181,JS002,JI003,ES001,PR003,RS003,WL003,No,,,1659
A1182,JS003,JI002,ES003,PR003,RS002,WL003,Yes,,,1661
A1183,JS003,JI002,ES004,PR003,RS003,WL003,No,,,1662
A1184,JS001,JI004,ES004,PR004,RS001,WL003,No,,,1664
A1185,JS003,JI003,ES002,PR004,RS003,WL003,No,,,1665
A1186,JS003,JI002,ES003,PR004,RS001,WL003,No,,,1666
A1187,JS004,JI003,ES004,PR004,RS001,WL004,Yes,,,1667
A1188,JS004,JI003,ES004,PR003,RS004,WL004,No,,,1668
A1189,JS002,JI002,ES001,PR003,RS002,WL002,Yes,,,1669
A1190,JS004,JI003,ES004,PR003,RS003,WL003,No,,,1670
A1191,JS002,JI003,ES004,PR003,RS003,WL002,No,,,1671
A1192,JS004,JI003,ES001,PR003,RS001,WL003,No,,,1673
A1193,JS001,JI003,ES004,PR003,RS002,WL002,Yes,,,1674
A1194,JS002,JI002,ES004,PR004,RS002,WL003,No,,,1675
A1195,JS002,JI004,ES002,PR003,RS003,WL003,No,,,1676
A1196,JS003,JI003,ES003,PR003,RS001,WL003,No,,,1677
A1197,JS003,JI003,ES004,PR003,RS004,WL003,Yes,,,1678
A1198,JS001,JI003,ES004,PR003,RS001,WL003,No,,,1680
A1199,JS004,JI003,ES003,PR004,RS003,WL003,Yes,,,1681
A1200,JS003,JI003,ES001,PR003,RS002,WL002,No,,,1682
A1201,JS004,JI003,ES003,PR003,RS001,WL003,Yes,,,1683
A1202,JS003,JI002,ES004,PR003,RS001,WL003,Yes,,,1684
A1203,JS003,JI003,ES004,PR003,RS004,WL002,No,,,1687
A1204,JS004,JI004,ES002,PR003,RS003,WL003,No,,,1689
A1205,JS003,JI003,ES004,PR003,RS003,WL003,Yes,,,1691
A1206,JS002,JI003,ES004,PR003,RS001,WL003,No,,,1692
A1207,JS004,JI003,ES004,PR004,RS003,WL003,No,,,1693
A1208,JS002,JI002,ES001,PR003,RS004,WL003,No,,,1694
A1209,JS004,JI002,ES002,PR003,RS003,WL004,No,,,1696
A1210,JS004,JI001,ES003,PR004,RS003,WL004,No,,,1697
A1211,JS002,JI004,ES002,PR003,RS004,WL003,No,,,1698
A1212,JS004,JI001,ES003,PR003,RS003,WL002,No,,,1700
A1213,JS004,JI002,ES002,PR003,RS002,WL003,No,,,1701
A1214,JS004,JI003,ES003,PR004,RS002,WL003,Yes,,,1702
A1215,JS004,JI004,ES003,PR003,RS002,WL003,Yes,,,1703
A1216,JS004,JI002,ES001,PR003,RS003,WL004,Yes,,,1704
A1217,JS004,JI003,ES004,PR003,RS001,WL003,Yes,,,1706
A1218,JS003,JI004,ES003,PR003,RS004,WL003,No,,,1707
A1219,JS003,JI003,ES004,PR003,RS002,WL003,No,,,1708
A1220,JS003,JI003,ES004,PR003,RS003,WL003,No,,,1709
A1221,JS004,JI003,ES003,PR003,RS003,WL002,No,,,1710
A1222,JS003,JI002,ES003,PR004,RS004,WL002,No,,,1712
A1223,JS003,JI001,ES004,PR003,RS003,WL003,No,,,1714
A1224,JS003,JI001,ES003,PR003,RS003,WL001,No,,,1716
A1225,JS003,JI001,ES004,PR003,RS003,WL004,No,,,1718
A1226,JS002,JI002,ES004,PR003,RS003,WL003,No,,,1719
A1227,JS003,JI003,ES001,PR003,RS001,WL002,No,,,1720
A1228,JS003,JI003,ES002,PR003,RS004,WL004,No,,,1721
A1229,JS002,JI001,ES003,PR003,RS002,WL003,No,,,1722
A1230,JS001,JI003,ES002,PR003,RS002,WL003,Yes,,,1724
A1231,JS001,JI003,ES002,PR003,RS002,WL004,No,,,1725
A1232,JS002,JI003,ES003,PR003,RS004,WL003,No,,,1727
A1233,JS003,JI003,ES004,PR003,RS002,WL003,No,,,1728
A1234,JS004,JI003,ES002,PR003,RS002,WL002,No,,,1729
A1235,JS002,JI003,ES003,PR003,RS004,WL001,No,,,1731
A1236,JS004,JI003,ES003,PR003,RS002,WL002,Yes,,,1732
A1237,JS001,JI002,ES002,PR003,RS002,WL003,Yes,,,1733
A1238,JS002,JI001,ES001,PR003,RS002,WL003,No,,,1734
A1239,JS002,JI003,ES003,PR003,RS003,WL001,No,,,1735
A1240,JS004,JI003,ES004,PR004,RS004,WL002,No,,,1736
A1241,JS004,JI003,ES004,PR003,RS004,WL003,Yes,,,1737
A1242,JS003,JI001,ES004,PR003,RS003,WL001,No,,,1739
A1243,JS002,JI003,ES002,PR003,RS002,WL002,No,,,1740
A1244,JS003,JI001,ES003,PR004,RS003,WL004,No,,,1744
A1245,JS001,JI002,ES004,PR003,RS004,WL003,No,,,1745
A1246,JS004,JI003,ES001,PR003,RS004,WL003,No,,,1746
A1247,JS004,JI002,ES003,PR003,RS003,WL002,No,,,1747
A1248,JS003,JI003,ES001,PR003,RS003,WL003,No,,,1749
A1249,JS004,JI003,ES003,PR003,RS003,WL002,No,,,1751
A1250,JS002,JI001,ES002,PR003,RS003,WL003,No,,,1752
A1251,JS003,JI004,ES004,PR003,RS004,WL004,Yes,,,1753
A1252,JS001,JI002,ES003,PR003,RS001,WL003,No,,,1754
A1253,JS004,JI004,ES004,PR003,RS001,WL003,Yes,,,1755
A1254,JS002,JI003,ES004,PR003,RS004,WL002,No,,,1756
A1255,JS004,JI003,ES004,PR003,RS003,WL004,No,,,1757
A1256,JS001,JI003,ES001,PR004,RS003,WL002,Yes,,,1758
A1257,JS002,JI002,ES003,PR003,RS002,WL002,No,,,1760
A1258,JS003,JI003,ES001,PR003,RS001,WL003,No,,,1761
A1259,JS001,JI002,ES004,PR003,RS003,WL003,No,,,1762
A1260,JS003,JI004,ES003,PR003,RS003,WL003,No,,,1763
A1261,JS002,JI003,ES002,PR003,RS002,WL003,No,,,1764
A1262,JS004,JI001,ES002,PR003,RS003,WL003,Yes,,,1766
A1263,JS003,JI002,ES003,PR003,RS004,WL003,Yes,,,1767
A1264,JS002,JI003,ES002,PR004,RS002,WL002,No,,,1768
A1265,JS001,JI002,ES003,PR003,RS002,WL003,No,,,1770
A1266,JS002,JI003,ES004,PR003,RS004,WL002,No,,,1771
A1267,JS001,JI003,ES003,PR004,RS002,WL003,No,,,1772
A1268,JS003,JI003,ES004,PR003,RS003,WL003,Yes,,,1774
A1269,JS003,JI002,ES001,PR004,RS004,WL002,Yes,,,1775
A1270,JS004,JI003,ES002,PR003,RS002,WL003,No,,,1778
A1271,JS004,JI001,ES004,PR003,RS001,WL003,No,,,1779
A1272,JS002,JI003,ES002,PR003,RS002,WL003,No,,,1780
A1273,JS003,JI002,ES004,PR003,RS002,WL003,No,,,1782
A1274,JS001,JI003,ES003,PR003,RS003,WL003,Yes,,,1783
A1275,JS004,JI002,ES001,PR003,RS001,WL003,No,,,1784
A1276,JS003,JI003,ES001,PR003,RS004,WL003,No,,,1786
A1277,JS002,JI002,ES002,PR003,RS001,WL003,No,,,1787
A1278,JS004,JI003,ES003,PR003,RS003,WL003,Yes,,,1789
A1279,JS001,JI003,ES004,PR003,RS004,WL003,Yes,,,1790
A1280,JS002,JI003,ES003,PR003,RS003,WL002,Yes,,,1792
A1281,JS002,JI003,ES003,PR003,RS003,WL002,No,,,1794
A1282,JS004,JI003,ES003,PR003,RS004,WL003,Yes,,,1797
A1283,JS001,JI004,ES004,PR003,RS002,WL003,No,,,1798
A1284,JS004,JI003,ES003,PR003,RS003,WL004,No,,,1799
A1285,JS003,JI003,ES003,PR004,RS003,WL003,No,,,1800
A1286,JS002,JI002,ES002,PR003,RS003,WL003,No,,,1801
A1287,JS001,JI003,ES003,PR003,RS004,WL002,No,,,1802
A1288,JS001,JI004,ES002,PR003,RS003,WL002,No,,,1803
A1289,JS004,JI003,ES002,PR003,RS003,WL003,No,,,1804
A1290,JS002,JI003,ES001,PR003,RS004,WL003,No,,,1805
A1291,JS001,JI003,ES004,PR003,RS003,WL002,No,,,1807
A1292,JS001,JI003,ES004,PR003,RS002,WL001,No,,,1809
A1293,JS004,JI003,ES003,PR003,RS004,WL003,No,,,1812
A1294,JS003,JI003,ES001,PR003,RS003,WL002,No,,,1813
A1295,JS002,JI004,ES002,PR003,RS001,WL001,No,,,1814
A1296,JS003,JI003,ES003,PR003,RS004,WL004,Yes,,,1815
A1297,JS003,JI003,ES001,PR003,RS002,WL003,No,,,1816
A1298,JS002,JI003,ES004,PR003,RS003,WL003,Yes,,,1818
A1299,JS002,JI003,ES004,PR004,RS004,WL004,No,,,1821
A1300,JS004,JI003,ES003,PR003,RS004,WL003,No,,,1822
A1301,JS003,JI004,ES002,PR004,RS003,WL003,No,,,1823
A1302,JS002,JI003,ES002,PR004,RS004,WL002,No,,,1824
A1303,JS003,JI001,ES002,PR003,RS002,WL004,No,,,1826
A1304,JS002,JI002,ES003,PR003,RS003,WL003,Yes,,,1827
A1305,JS001,JI003,ES002,PR003,RS002,WL003,No,,,1829
A1306,JS004,JI003,ES004,PR003,RS002,WL002,No,,,1830
A1307,JS001,JI003,ES001,PR003,RS004,WL003,No,,,1833
A1308,JS001,JI003,ES003,PR004,RS003,WL003,No,,,1834
A1309,JS004,JI001,ES002,PR004,RS001,WL002,Yes,,,1835
A1310,JS004,JI003,ES003,PR003,RS001,WL003,No,,,1836
A1311,JS003,JI003,ES001,PR003,RS002,WL003,Yes,,,1837
A1312,JS003,JI003,ES002,PR003,RS003,WL001,No,,,1839
A1313,JS001,JI004,ES004,PR003,RS003,WL003,No,,,1842
A1314,JS001,JI002,ES001,PR003,RS004,WL003,Yes,,,1844
A1315,JS003,JI003,ES003,PR004,RS002,WL004,No,,,1845
A1316,JS002,JI003,ES004,PR004,RS004,WL003,Yes,,,1847
A1317,JS004,JI003,ES001,PR004,RS003,WL003,No,,,1849
A1318,JS004,JI003,ES004,PR003,RS003,WL002,Yes,,,1850
A1319,JS004,JI003,ES004,PR003,RS002,WL004,No,,,1852
A1320,JS004,JI003,ES004,PR003,RS003,WL004,No,,,1853
A1321,JS003,JI003,ES003,PR004,RS002,WL002,No,,,1854
A1322,JS003,JI003,ES002,PR003,RS003,WL003,No,,,1856
A1323,JS004,JI003,ES004,PR003,RS003,WL002,No,,,1857
A1324,JS004,JI003,ES003,PR003,RS002,WL003,No,,,1858
A1325,JS003,JI001,ES004,PR003,RS004,WL003,No,,,1859
A1326,JS003,JI003,ES004,PR003,RS004,WL003,No,,,1860
A1327,JS002,JI002,ES003,PR003,RS003,WL002,Yes,,,1862
A1328,JS001,JI004,ES001,PR003,RS004,WL003,No,,,1863
A1329,JS003,JI002,ES002,PR004,RS004,WL003,No,,,1864
A1330,JS002,JI002,ES004,PR003,RS004,WL003,No,,,1865
A1331,JS003,JI002,ES001,PR003,RS004,WL003,No,,,1866
A1332,JS002,JI002,ES004,PR003,RS004,WL003,No,,,1867
A1333,JS004,JI002,ES004,PR004,RS002,WL002,Yes,,,1868
A1334,JS002,JI003,ES003,PR004,RS003,WL003,No,,,1869
A1335,JS001,JI002,ES004,PR003,RS004,WL002,No,,,1870
A1336,JS004,JI003,ES004,PR003,RS002,WL003,No,,,1871
A1337,JS004,JI002,ES002,PR004,RS002,WL004,No,,,1873
A1338,JS002,JI003,ES002,PR003,RS004,WL003,No,,,1875
A1339,JS004,JI003,ES002,PR003,RS003,WL002,No,,,1876
A1340,JS002,JI003,ES004,PR004,RS001,WL003,Yes,,,1878
A1341,JS003,JI002,ES002,PR003,RS001,WL003,Yes,,,1880
A1342,JS003,JI003,ES002,PR003,RS001,WL003,No,,,1881
A1343,JS004,JI003,ES003,PR003,RS004,WL003,Yes,,,1882
A1344,JS001,JI003,ES004,PR003,RS002,WL003,No,,,1883
A1345,JS001,JI003,ES004,PR004,RS003,WL003,Yes,,,1885
A1346,JS002,JI002,ES004,PR003,RS004,WL003,Yes,,,1886
A1347,JS004,JI002,ES002,PR003,RS004,WL002,No,,,1888
A1348,JS004,JI002,ES002,PR004,RS004,WL002,No,,,1890
A1349,JS001,JI003,ES001,PR003,RS001,WL003,No,,,1892
A1350,JS003,JI002,ES002,PR003,RS003,WL002,Yes,,,1893
A1351,JS003,JI004,ES001,PR003,RS002,WL002,No,,,1898
A1352,JS004,JI003,ES004,PR003,RS002,WL003,No,,,1900
A1353,JS001,JI004,ES002,PR003,RS004,WL003,No,,,1903
A1354,JS001,JI001,ES004,PR004,RS002,WL003,Yes,,,1905
A1355,JS004,JI003,ES001,PR003,RS004,WL003,No,,,1907
A1356,JS002,JI002,ES003,PR003,RS003,WL001,No,,,1908
A1357,JS002,JI003,ES003,PR004,RS003,WL003,No,,,1909
A1358,JS001,JI003,ES003,PR003,RS002,WL004,No,,,1911
A1359,JS004,JI003,ES003,PR003,RS004,WL003,Yes,,,1912
A1360,JS004,JI002,ES004,PR003,RS003,WL002,Yes,,,1915
A1361,JS003,JI004,ES001,PR003,RS002,WL002,No,,,1916
A1362,JS004,JI004,ES003,PR003,RS001,WL003,No,,,1918
A1363,JS003,JI003,ES002,PR003,RS003,WL003,No,,,1922
A1364,JS003,JI003,ES002,PR003,RS002,WL002,No,,,1924
A1365,JS004,JI002,ES003,PR003,RS003,WL003,Yes,,,1927
A1366,JS001,JI004,ES003,PR003,RS004,WL003,No,,,1928
A1367,JS003,JI001,ES001,PR003,RS003,WL003,No,,,1929
A1368,JS002,JI003,ES002,PR003,RS003,WL002,No,,,1931
A1369,JS004,JI002,ES003,PR003,RS002,WL003,Yes,,,1932
A1370,JS003,JI003,ES004,PR003,RS004,WL003,Yes,,,1933
A1371,JS002,JI003,ES003,PR003,RS003,WL004,No,,,1934
A1372,JS001,JI002,ES004,PR003,RS003,WL003,No,,,1935
A1373,JS001,JI003,ES001,PR004,RS004,WL003,No,,,1936
A1374,JS002,JI002,ES004,PR003,RS003,WL003,Yes,,,1937
A1375,JS004,JI003,ES004,PR003,RS003,WL002,Yes,,,1938
A1376,JS003,JI004,ES001,PR003,RS001,WL003,Yes,,,1939
A1377,JS004,JI003,ES002,PR003,RS004,WL004,No,,,1940
A1378,JS004,JI003,ES002,PR003,RS004,WL003,No,,,1941
A1379,JS004,JI003,ES002,PR003,RS003,WL003,Yes,,,1943
A1380,JS002,JI002,ES001,PR003,RS001,WL003,No,,,1944
A1381,JS001,JI003,ES002,PR003,RS004,WL001,No,,,1945
A1382,JS003,JI003,ES003,PR003,RS003,WL002,No,,,1947
A1383,JS001,JI003,ES003,PR003,RS004,WL004,Yes,,,1948
A1384,JS002,JI004,ES001,PR004,RS002,WL003,No,,,1949
A1385,JS004,JI003,ES001,PR004,RS001,WL002,No,,,1950
A1386,JS003,JI003,ES004,PR003,RS003,WL002,No,,,1951
A1387,JS001,JI003,ES003,PR003,RS004,WL002,No,,,1952
A1388,JS001,JI003,ES001,PR003,RS001,WL002,No,,,1954
A1389,JS004,JI003,ES003,PR003,RS002,WL003,No,,,1955
A1390,JS001,JI001,ES004,PR004,RS002,WL003,No,,,1956
A1391,JS004,JI002,ES003,PR003,RS001,WL002,No,,,1960
A1392,JS001,JI002,ES001,PR003,RS001,WL002,No,,,1961
A1393,JS004,JI003,ES003,PR003,RS004,WL003,Yes,,,1962
A1394,JS004,JI003,ES004,PR003,RS001,WL003,No,,,1965
A1395,JS004,JI002,ES004,PR004,RS002,WL003,No,,,1966
A1396,JS004,JI003,ES001,PR003,RS003,WL003,Yes,,,1967
A1397,JS001,JI003,ES001,PR003,RS002,WL002,Yes,,,1968
A1398,JS003,JI003,ES001,PR003,RS003,WL002,No,,,1969
A1399,JS003,JI003,ES004,PR004,RS003,WL003,No,,,1970
A1400,JS003,JI003,ES001,PR003,RS002,WL003,No,,,1971
A1401,JS002,JI003,ES004,PR003,RS002,WL003,Yes,,,1972
A1402,JS002,JI004,ES003,PR003,RS001,WL003,Yes,,,1973
A1403,JS004,JI001,ES004,PR003,RS003,WL003,Yes,,,1974
A1404,JS001,JI003,ES002,PR003,RS001,WL003,No,,,1975
A1405,JS003,JI002,ES004,PR003,RS004,WL003,No,,,1976
A1406,JS003,JI003,ES003,PR004,RS003,WL004,No,,,1979
A1407,JS001,JI003,ES003,PR003,RS004,WL003,Yes,,,1980
A1408,JS003,JI002,ES002,PR003,RS002,WL002,No,,,1981
A1409,JS004,JI003,ES004,PR003,RS003,WL004,No,,,1982
A1410,JS003,JI003,ES004,PR003,RS001,WL004,No,,,1985
A1411,JS002,JI003,ES002,PR003,RS003,WL003,No,,,1986
A1412,JS002,JI003,ES003,PR003,RS003,WL003,No,,,1987
A1413,JS002,JI003,ES004,PR003,RS003,WL002,No,,,1989
A1414,JS003,JI003,ES004,PR003,RS003,WL002,Yes,,,1992
A1415,JS003,JI003,ES001,PR004,RS002,WL003,No,,,1993
A1416,JS003,JI002,ES002,PR003,RS003,WL002,No,,,1994
A1417,JS002,JI003,ES004,PR003,RS001,WL003,No,,,1995
A1418,JS003,JI003,ES001,PR003,RS003,WL003,No,,,1996
A1419,JS003,JI002,ES001,PR003,RS004,WL003,No,,,1997
A1420,JS001,JI003,ES004,PR003,RS003,WL002,Yes,,,1998
A1421,JS004,JI003,ES004,PR004,RS001,WL003,No,,,1999
A1422,JS002,JI003,ES003,PR003,RS001,WL001,No,,,2000
A1423,JS003,JI003,ES004,PR003,RS003,WL003,Yes,,,2003
A1424,JS003,JI003,ES004,PR003,RS004,WL004,No,,,2007
A1425,JS003,JI003,ES002,PR003,RS002,WL003,No,,,2008
A1426,JS004,JI003,ES002,PR003,RS001,WL003,Yes,,,2009
A1427,JS002,JI002,ES003,PR003,RS003,WL003,No,,,2010
A1428,JS004,JI003,ES001,PR003,RS003,WL002,No,,,2012
A1429,JS002,JI002,ES002,PR003,RS002,WL003,No,,,2013
A1430,JS004,JI003,ES001,PR003,RS001,WL003,No,,,2014
A1431,JS003,JI001,ES002,PR003,RS001,WL003,No,,,2015
A1432,JS004,JI003,ES003,PR003,RS003,WL003,No,,,2016
A1433,JS004,JI004,ES003,PR004,RS001,WL003,Yes,,,2017
A1434,JS003,JI003,ES001,PR004,RS002,WL002,Yes,,,2018
A1435,JS004,JI003,ES001,PR003,RS002,WL002,No,,,2019
A1436,JS004,JI003,ES002,PR003,RS003,WL003,Yes,,,2020
A1437,JS001,JI003,ES003,PR003,RS004,WL003,Yes,,,2021
A1438,JS004,JI003,ES004,PR003,RS003,WL002,No,,,2022
A1439,JS001,JI003,ES004,PR003,RS001,WL002,No,,,2023
A1440,JS004,JI002,ES001,PR003,RS003,WL003,No,,,2024
A1441,JS002,JI003,ES004,PR003,RS002,WL003,No,,,2025
A1442,JS003,JI003,ES003,PR004,RS001,WL002,No,,,2026
A1443,JS004,JI003,ES001,PR003,RS002,WL004,Yes,,,2027
A1444,JS003,JI003,ES001,PR003,RS001,WL002,No,,,2031
A1445,JS003,JI003,ES004,PR003,RS004,WL001,No,,,2032
A1446,JS002,JI002,ES001,PR004,RS003,WL003,No,,,2034
A1447,JS003,JI002,ES004,PR004,RS004,WL003,No,,,2035
A1448,JS004,JI001,ES004,PR004,RS001,WL002,No,,,2036
A1449,JS002,JI002,ES003,PR003,RS003,WL003,No,,,2037
A1450,JS001,JI003,ES004,PR003,RS004,WL003,No,,,2038
A1451,JS004,JI003,ES003,PR003,RS003,WL003,Yes,,,2040
A1452,JS004,JI003,ES001,PR003,RS003,WL003,No,,,2041
A1453,JS003,JI003,ES002,PR003,RS004,WL003,No,,,2044
A1454,JS004,JI002,ES002,PR003,RS001,WL002,No,,,2045
A1455,JS003,JI003,ES004,PR003,RS003,WL003,No,,,2046
A1456,JS003,JI002,ES003,PR003,RS004,WL003,No,,,2048
A1457,JS003,JI003,ES003,PR003,RS004,WL004,Yes,,,2049
A1458,JS003,JI003,ES003,PR003,RS002,WL003,No,,,2051
A1459,JS004,JI001,ES003,PR003,RS004,WL003,No,,,2052
A1460,JS002,JI002,ES004,PR003,RS001,WL003,Yes,,,2053
A1461,JS001,JI002,ES004,PR003,RS002,WL001,No,,,2054
A1462,JS001,JI002,ES004,PR003,RS002,WL003,Yes,,,2055
A1463,JS004,JI002,ES002,PR003,RS001,WL002,No,,,2056
A1464,JS001,JI003,ES002,PR003,RS002,WL003,No,,,2057
A1465,JS003,JI002,ES004,PR003,RS004,WL003,No,,,2060
A1466,JS004,JI004,ES003,PR003,RS003,WL003,No,,,2061
A1467,JS001,JI002,ES004,PR003,RS001,WL003,No,,,2062
A1468,JS002,JI004,ES002,PR004,RS002,WL003,Yes,,,2064
A1469,JS002,JI002,ES004,PR003,RS004,WL002,No,,,2065
A1470,JS003,JI004,ES002,PR003,RS001,WL004,No,,,2068
