EmployeeFinances_ID,DailyRate,HourlyRate,MonthlyRate,MonthlyIncome,PercentSalaryHike,StockOptLevel_ID,EmployeeNumber
EF0001,1102,94,19479,5993,11,SO001,1
EF0002,279,61,24907,5130,23,SO002,2
EF0003,1373,92,2396,2090,15,SO001,4
EF0004,1392,56,23159,2909,11,SO001,5
EF0005,591,40,16632,3468,12,SO002,7
EF0006,1005,79,11864,3068,13,SO001,8
EF0007,1324,81,9964,2670,20,SO004,10
EF0008,1358,67,13335,2693,22,SO002,11
EF0009,216,44,8787,9526,21,SO001,12
EF0010,1299,94,16577,5237,13,SO003,13
EF0011,809,84,16479,2426,13,SO002,14
EF0012,153,49,12682,4193,12,SO001,15
EF0013,670,31,15170,2911,17,SO002,16
EF0014,1346,93,8758,2661,11,SO002,18
EF0015,103,50,12947,2028,14,SO001,19
EF0016,1389,51,10195,9980,11,SO002,20
EF0017,334,80,15053,3298,12,SO003,21
EF0018,1123,96,7324,2935,13,SO003,22
EF0019,1219,78,22021,15427,16,SO001,23
EF0020,371,45,4306,3944,11,SO001,24
EF0021,673,96,8232,4011,18,SO002,26
EF0022,1218,82,6986,3407,23,SO001,27
EF0023,419,53,21293,11994,11,SO001,28
EF0024,391,96,19281,1232,14,SO001,30
EF0025,699,83,17102,2960,11,SO001,31
EF0026,1282,58,10735,19094,11,SO002,32
EF0027,1125,72,4681,3919,22,SO001,33
EF0028,691,48,21173,6825,11,SO002,35
EF0029,477,42,2094,10248,14,SO002,36
EF0030,705,83,22822,18947,12,SO001,38
EF0031,924,78,6670,2496,11,SO001,39
EF0032,1459,41,19121,6465,13,SO001,40
EF0033,125,83,16117,2206,13,SO001,41
EF0034,895,56,3335,2086,14,SO002,42
EF0035,813,61,3020,2293,16,SO002,45
EF0036,1273,72,21923,2645,12,SO003,46
EF0037,869,86,3810,2683,14,SO001,47
EF0038,890,97,9687,2014,13,SO001,49
EF0039,852,82,13072,3419,14,SO002,51
EF0040,1141,42,3193,5376,19,SO003,52
EF0041,464,75,10910,1951,12,SO002,53
EF0042,1240,33,19715,2341,13,SO002,54
EF0043,1357,48,10558,2293,12,SO001,55
EF0044,994,37,2975,8726,15,SO001,56
EF0045,721,58,10781,4011,23,SO001,57
EF0046,1360,49,16280,19545,12,SO001,58
EF0047,1065,72,10034,4568,20,SO001,60
EF0048,408,73,10227,3022,21,SO001,61
EF0049,1211,98,20445,5772,21,SO001,62
EF0050,1229,36,4892,2269,19,SO001,63
EF0051,626,98,19294,5381,13,SO001,64
EF0052,1434,50,11179,3441,13,SO001,65
EF0053,1488,75,4009,5454,21,SO002,68
EF0054,1097,79,8302,9884,13,SO002,70
EF0055,1443,47,21436,4157,19,SO002,72
EF0056,515,98,15146,13458,12,SO001,73
EF0057,853,71,11031,9069,22,SO002,74
EF0058,1142,30,16002,4014,15,SO002,75
EF0059,655,48,9528,5915,22,SO002,76
EF0060,1115,51,2689,5993,18,SO002,77
EF0061,427,33,10877,6162,22,SO002,78
EF0062,653,50,5456,2406,11,SO001,79
EF0063,989,43,16701,18740,12,SO002,80
EF0064,1435,99,2354,7637,11,SO001,81
EF0065,1223,59,8202,10096,13,SO004,83
EF0066,836,33,19730,14756,14,SO004,84
EF0067,1195,95,22656,6499,13,SO001,85
EF0068,1339,59,18787,9724,17,SO002,86
EF0069,664,79,5868,2194,13,SO002,88
EF0070,318,79,21777,3388,17,SO002,90
EF0071,1225,57,24668,5473,11,SO001,91
EF0072,1328,76,4956,2703,23,SO002,94
EF0073,1082,87,18775,2501,17,SO001,95
EF0074,548,66,7346,6220,17,SO003,96
EF0075,132,55,22002,3038,12,SO001,97
EF0076,746,61,20682,4424,23,SO001,98
EF0077,776,32,23016,4312,14,SO001,100
EF0078,193,52,15067,13245,14,SO001,101
EF0079,397,30,25258,13664,13,SO001,102
EF0080,945,80,10425,5021,22,SO002,103
EF0081,852,55,15998,5126,12,SO003,104
EF0082,1214,30,26278,2859,18,SO001,105
EF0083,111,70,18092,10239,14,SO002,106
EF0084,573,79,15717,5329,12,SO004,107
EF0085,1153,94,17736,4325,15,SO001,110
EF0086,1400,49,21698,7260,11,SO001,112
EF0087,541,62,9518,2322,13,SO002,113
EF0088,432,96,18725,2075,23,SO003,116
EF0089,288,99,15830,4152,19,SO004,117
EF0090,669,64,13596,9619,16,SO001,118
EF0091,530,78,14115,13503,22,SO002,119
EF0092,632,71,8423,5441,22,SO001,120
EF0093,1334,63,19760,5209,12,SO004,121
EF0094,638,40,3142,10673,13,SO002,124
EF0095,1093,87,24301,5010,16,SO001,125
EF0096,1217,60,24001,13549,12,SO002,126
EF0097,1353,33,17519,4999,21,SO002,128
EF0098,120,43,8863,4221,15,SO001,129
EF0099,682,37,24409,13872,13,SO001,131
EF0100,489,67,25043,2042,12,SO002,132
EF0101,807,63,23648,2073,22,SO001,133
EF0102,827,71,15178,2956,13,SO001,134
EF0103,871,66,19783,2926,18,SO001,137
EF0104,665,41,12482,4809,14,SO001,138
EF0105,1040,100,15850,5163,14,SO002,139
EF0106,1420,32,21922,18844,21,SO002,140
EF0107,1115,73,9755,18172,19,SO001,141
EF0108,240,46,26959,5744,11,SO001,142
EF0109,1280,64,26897,2889,11,SO003,143
EF0110,534,59,23785,2871,15,SO001,144
EF0111,1456,30,25796,7484,20,SO001,145
EF0112,658,66,22887,6074,24,SO001,147
EF0113,142,30,13871,17328,12,SO001,148
EF0114,1127,52,13257,2774,12,SO002,150
EF0115,1031,45,15000,4505,15,SO002,151
EF0116,1189,87,14506,7428,12,SO001,152
EF0117,1354,45,5615,11631,12,SO001,153
EF0118,1467,92,22952,9738,14,SO002,154
EF0119,922,39,2561,2835,22,SO002,155
EF0120,394,92,19494,16959,12,SO003,158
EF0121,1312,96,22310,2613,25,SO004,159
EF0122,750,95,15480,6146,13,SO002,160
EF0123,441,72,4510,4963,18,SO004,161
EF0124,684,51,6462,19537,13,SO001,162
EF0125,249,76,20739,6172,18,SO001,163
EF0126,841,46,23300,2368,19,SO001,164
EF0127,147,94,3465,10312,12,SO002,165
EF0128,528,50,26820,1675,19,SO001,167
EF0129,594,100,19299,2523,14,SO002,169
EF0130,470,96,5549,6567,14,SO001,170
EF0131,957,72,16090,4739,12,SO001,171
EF0132,809,77,6645,9208,11,SO001,174
EF0133,542,71,24788,4559,11,SO002,175
EF0134,802,96,21196,8189,13,SO002,176
EF0135,1355,61,8916,2942,23,SO002,177
EF0136,216,84,2819,4941,20,SO003,178
EF0137,1150,53,25150,10650,15,SO001,179
EF0138,1329,47,14590,5902,14,SO002,182
EF0139,959,41,24835,8639,18,SO001,183
EF0140,1240,48,13982,6347,19,SO001,184
EF0141,1033,41,10224,4200,22,SO001,190
EF0142,1316,83,9752,3452,13,SO001,192
EF0143,364,32,2302,4317,20,SO001,193
EF0144,438,75,23910,2632,14,SO001,194
EF0145,689,35,22812,4668,17,SO004,195
EF0146,201,84,10415,3204,14,SO002,197
EF0147,1427,35,11162,2720,13,SO001,198
EF0148,857,91,12888,17181,13,SO002,199
EF0149,933,94,6961,2238,21,SO002,200
EF0150,1181,79,16102,1483,14,SO001,201
EF0151,1395,54,8504,5605,11,SO002,202
EF0152,662,94,11439,7295,13,SO003,204
EF0153,1436,34,16047,2306,20,SO002,205
EF0154,194,60,10901,2348,18,SO002,206
EF0155,967,43,15589,8998,14,SO001,207
EF0156,1496,41,26283,4319,13,SO002,208
EF0157,1169,34,13983,6132,17,SO001,211
EF0158,1145,75,11873,3346,20,SO002,214
EF0159,630,67,8552,10855,11,SO002,215
EF0160,303,75,11314,2231,18,SO002,216
EF0161,1256,80,11992,2323,24,SO003,217
EF0162,691,57,5970,2024,18,SO002,218
EF0163,440,42,6672,2713,11,SO002,221
EF0164,334,83,23402,9439,16,SO002,223
EF0165,1450,79,25326,2566,15,SO002,224
EF0166,1452,53,17053,19926,15,SO001,226
EF0167,465,56,4609,2451,12,SO002,227
EF0168,1339,41,8053,9419,12,SO002,228
EF0169,702,59,12930,8686,22,SO001,230
EF0170,120,43,12430,3038,20,SO001,231
EF0171,1157,51,13364,3058,16,SO002,233
EF0172,602,100,20989,2325,21,SO001,235
EF0173,1480,30,15062,2088,12,SO001,238
EF0174,111,66,11012,3072,11,SO003,239
EF0175,1268,30,6319,5006,11,SO002,240
EF0176,713,67,13939,4257,18,SO002,241
EF0177,134,90,10515,2500,14,SO001,242
EF0178,303,47,9241,1102,22,SO001,243
EF0179,526,92,2137,10453,25,SO004,244
EF0180,1380,75,6319,2288,12,SO001,245
EF0181,140,95,6984,3929,23,SO002,246
EF0182,629,95,5711,2311,15,SO001,247
EF0183,1356,70,21728,3140,22,SO001,248
EF0184,328,86,3425,3690,15,SO002,249
EF0185,1084,57,26250,4450,11,SO003,250
EF0186,931,72,4673,2756,13,SO002,252
EF0187,989,46,6499,19033,14,SO002,253
EF0188,692,61,13339,18722,11,SO001,254
EF0189,1069,45,14074,9547,17,SO001,256
EF0190,313,98,7192,13734,18,SO001,258
EF0191,699,65,5678,19999,14,SO002,259
EF0192,894,99,11781,2279,16,SO001,260
EF0193,556,50,15497,5916,13,SO001,261
EF0194,1344,37,5228,2089,14,SO004,262
EF0195,1195,65,20462,16792,23,SO002,264
EF0196,290,65,22977,3564,12,SO002,267
EF0197,138,37,15986,4425,11,SO001,269
EF0198,926,36,16439,5265,16,SO002,270
EF0199,1261,88,7259,6553,14,SO001,271
EF0200,1084,54,4185,6261,18,SO002,273
EF0201,472,60,9679,4298,19,SO002,274
EF0202,1002,92,23793,6804,15,SO003,275
EF0203,878,43,5972,3815,17,SO002,277
EF0204,905,99,16523,2741,15,SO002,281
EF0205,1180,70,11354,6673,19,SO001,282
EF0206,121,35,24525,7639,22,SO004,283
EF0207,1136,60,12392,2328,16,SO002,284
EF0208,635,73,7703,2153,13,SO001,286
EF0209,1151,63,14242,4876,14,SO002,287
EF0210,644,97,12368,9396,16,SO002,288
EF0211,1045,32,25812,10400,11,SO001,291
EF0212,829,88,20925,8474,22,SO001,292
EF0213,1242,90,12916,9981,14,SO001,293
EF0214,1469,81,15736,12490,16,SO003,296
EF0215,1005,88,8556,2657,11,SO001,297
EF0216,896,75,14674,13591,18,SO001,298
EF0217,334,52,22967,6696,15,SO001,299
EF0218,992,85,19757,2058,14,SO001,300
EF0219,1052,57,16840,8865,12,SO001,302
EF0220,1147,52,17011,5940,14,SO002,303
EF0221,1396,62,9945,5914,16,SO001,304
EF0222,147,47,13248,2622,21,SO001,305
EF0223,663,47,10056,12185,14,SO004,306
EF0224,119,76,9647,10609,12,SO003,307
EF0225,979,90,4381,4345,12,SO002,308
EF0226,142,70,8456,2177,17,SO002,309
EF0227,319,41,2539,2793,17,SO002,311
EF0228,1413,42,6599,7918,14,SO002,312
EF0229,944,92,9096,8789,14,SO001,314
EF0230,896,86,14961,2389,13,SO001,315
EF0231,1323,89,3300,3212,15,SO001,316
EF0232,532,58,4933,19232,11,SO001,319
EF0233,818,52,25657,2267,17,SO001,321
EF0234,854,68,24118,19517,11,SO002,323
EF0235,813,58,22149,2436,13,SO002,325
EF0236,1034,80,7744,16064,22,SO002,327
EF0237,465,39,21509,2707,20,SO001,328
EF0238,771,79,21030,19068,18,SO001,329
EF0239,1401,56,20990,3931,11,SO002,330
EF0240,515,62,9571,3730,14,SO001,331
EF0241,1431,96,15417,2232,14,SO004,332
EF0242,976,100,12069,4465,18,SO001,333
EF0243,1411,36,19877,3072,16,SO003,334
EF0244,1300,62,24447,3319,17,SO003,335
EF0245,252,70,15970,19202,11,SO002,336
EF0246,1327,73,13523,13675,12,SO002,337
EF0247,832,63,14776,2911,13,SO002,338
EF0248,470,84,23687,5957,13,SO002,339
EF0249,1017,83,18697,3920,14,SO002,340
EF0250,1199,77,5118,6434,17,SO002,341
EF0251,504,61,22573,10048,11,SO003,342
EF0252,505,64,6420,10938,25,SO001,343
EF0253,665,60,22673,2340,19,SO001,346
EF0254,916,82,23016,6545,13,SO001,347
EF0255,1247,45,10732,6931,14,SO002,349
EF0256,685,62,7505,4898,12,SO003,350
EF0257,269,56,8007,2593,11,SO002,351
EF0258,1416,49,5949,19436,19,SO002,352
EF0259,833,96,23231,2723,11,SO001,353
EF0260,307,71,11652,3479,11,SO001,355
EF0261,1311,100,26062,2794,20,SO001,359
EF0262,1327,39,19682,5249,18,SO002,361
EF0263,128,84,19737,2176,13,SO001,362
EF0264,488,75,14977,16872,12,SO002,363
EF0265,529,79,14935,3485,11,SO001,364
EF0266,1210,78,3687,6644,19,SO003,366
EF0267,1463,64,14408,5582,21,SO002,367
EF0268,675,85,18384,4000,12,SO003,369
EF0269,1385,79,7501,13496,14,SO001,372
EF0270,1403,47,20251,3210,11,SO002,373
EF0271,452,81,18938,19045,14,SO001,374
EF0272,666,88,10268,11849,12,SO002,376
EF0273,1158,94,2613,2070,23,SO002,377
EF0274,228,98,22825,6502,14,SO002,378
EF0275,996,100,10531,3230,17,SO001,379
EF0276,728,80,11677,13603,18,SO003,380
EF0277,1315,71,19100,11996,18,SO002,381
EF0278,322,44,19191,5605,24,SO002,382
EF0279,1479,84,26767,6397,20,SO002,384
EF0280,797,96,15815,19144,14,SO003,385
EF0281,1070,45,21016,17584,16,SO004,386
EF0282,635,99,24532,4907,25,SO001,387
EF0283,442,44,20260,4554,18,SO001,388
EF0284,147,37,15972,5415,19,SO002,389
EF0285,496,60,22722,4741,13,SO002,390
EF0286,1372,42,15881,2115,12,SO001,391
EF0287,920,43,19920,3161,22,SO002,392
EF0288,688,82,18899,5745,14,SO002,393
EF0289,1449,45,14180,2373,13,SO002,394
EF0290,1117,66,4488,3310,21,SO001,395
EF0291,636,35,25594,18665,11,SO001,396
EF0292,506,30,26285,4485,12,SO001,397
EF0293,444,84,3909,2789,11,SO002,399
EF0294,950,48,8450,5828,12,SO001,401
EF0295,889,53,11411,2326,12,SO004,403
EF0296,555,77,14864,13525,14,SO002,404
EF0297,230,54,25233,1420,13,SO001,405
EF0298,1232,96,5100,8020,15,SO003,406
EF0299,566,81,7122,3688,18,SO003,407
EF0300,1302,84,16321,5482,18,SO002,408
EF0301,334,88,15896,16015,19,SO001,410
EF0302,812,69,9724,1200,12,SO001,411
EF0303,1476,68,4824,5661,19,SO001,412
EF0304,218,100,12241,6929,11,SO002,416
EF0305,1132,48,10942,9613,17,SO004,417
EF0306,1105,47,6927,5674,15,SO002,419
EF0307,906,91,16985,5484,14,SO002,420
EF0308,849,81,26707,12061,17,SO002,421
EF0309,390,32,17056,5660,13,SO002,422
EF0310,691,86,10077,4821,12,SO002,423
EF0311,106,62,17822,6410,12,SO001,424
EF0312,1249,97,20308,5210,18,SO002,425
EF0313,192,32,7747,2695,18,SO002,426
EF0314,553,74,23364,11878,11,SO003,428
EF0315,117,99,5355,17068,14,SO001,429
EF0316,185,33,10675,2455,19,SO001,430
EF0317,1091,90,17810,13964,12,SO001,431
EF0318,723,85,17747,4941,15,SO001,433
EF0319,1220,85,20938,2478,12,SO001,434
EF0320,588,65,24624,5228,11,SO001,436
EF0321,1377,74,5242,4478,11,SO001,437
EF0322,691,73,7143,7547,12,SO004,438
EF0323,1018,74,10557,5055,16,SO001,439
EF0324,1157,84,24737,3464,13,SO001,440
EF0325,1275,64,11934,5775,13,SO003,441
EF0326,798,48,14034,8943,24,SO002,442
EF0327,672,54,21141,19272,15,SO002,444
EF0328,1162,41,17778,5238,18,SO001,445
EF0329,508,46,4317,4682,14,SO001,446
EF0330,1482,42,16375,18300,11,SO002,447
EF0331,559,82,6227,5257,11,SO002,448
EF0332,210,73,22107,6349,13,SO002,449
EF0333,928,31,16885,4869,12,SO001,450
EF0334,1001,43,9262,9985,16,SO002,451
EF0335,549,75,9278,3697,14,SO003,452
EF0336,1124,57,13273,7457,22,SO004,453
EF0337,318,77,4759,2119,11,SO001,454
EF0338,738,30,7621,3983,17,SO001,455
EF0339,570,30,5431,6118,13,SO004,456
EF0340,1130,56,3415,6214,18,SO002,458
EF0341,1192,61,23177,6347,16,SO003,460
EF0342,343,92,15682,11510,14,SO002,461
EF0343,1232,39,25713,7143,14,SO001,462
EF0344,144,39,11866,8268,14,SO003,463
EF0345,1296,62,18264,8095,13,SO001,464
EF0346,1309,83,16092,2904,12,SO003,465
EF0347,483,95,10110,6032,15,SO001,466
EF0348,1309,99,25751,2976,19,SO001,467
EF0349,810,44,15901,15992,14,SO001,468
EF0350,746,61,16928,4649,14,SO002,469
EF0351,544,52,24017,2696,11,SO002,470
EF0352,1062,75,3956,2370,13,SO002,471
EF0353,530,91,23978,12504,21,SO002,473
EF0354,1319,51,17001,5974,13,SO003,474
EF0355,641,85,6069,4736,12,SO002,475
EF0356,933,57,20156,5296,17,SO002,476
EF0357,1332,98,17078,6781,23,SO001,477
EF0358,756,99,9150,2174,11,SO001,478
EF0359,845,45,15276,6653,15,SO001,479
EF0360,541,48,7246,9699,11,SO002,481
EF0361,593,88,2967,6755,11,SO001,482
EF0362,1171,46,22495,2213,13,SO002,483
EF0363,895,39,2851,2610,24,SO001,484
EF0364,350,34,9150,2851,13,SO001,485
EF0365,921,98,17663,3452,20,SO002,486
EF0366,1144,30,16044,5258,14,SO001,487
EF0367,143,56,9558,9355,18,SO001,488
EF0368,1046,100,2755,10496,15,SO001,491
EF0369,575,68,6110,6380,12,SO003,492
EF0370,408,42,7551,2657,16,SO001,493
EF0371,156,90,25422,2716,15,SO001,494
EF0372,1283,54,18168,2201,16,SO001,495
EF0373,755,97,19394,6540,19,SO001,496
EF0374,1469,82,17881,3816,11,SO002,497
EF0375,304,92,20750,5253,16,SO001,498
EF0376,1261,31,12066,10965,24,SO001,499
EF0377,1178,87,14862,4936,11,SO002,500
EF0378,329,96,11868,2543,13,SO002,501
EF0379,1362,67,4652,5304,13,SO001,502
EF0380,1311,97,23258,16659,13,SO001,505
EF0381,1371,77,5915,4260,12,SO002,507
EF0382,202,72,17434,2476,18,SO002,508
EF0383,575,73,6582,3102,22,SO001,510
EF0384,253,43,24440,2244,13,SO002,511
EF0385,164,61,3809,7596,13,SO003,513
EF0386,464,40,3427,2285,23,SO001,514
EF0387,1107,95,26914,3034,12,SO002,515
EF0388,759,46,22553,5715,12,SO003,516
EF0389,201,95,20490,2576,16,SO002,517
EF0390,1305,49,21123,4197,12,SO001,518
EF0391,982,59,4345,14336,11,SO002,520
EF0392,555,78,13436,3448,22,SO002,521
EF0393,821,86,8509,19406,11,SO002,522
EF0394,1381,72,12740,6538,15,SO002,523
EF0395,480,31,4156,4306,12,SO002,524
EF0396,313,61,15238,2258,20,SO002,525
EF0397,1473,74,2227,4522,14,SO001,526
EF0398,891,99,12090,4487,11,SO001,527
EF0399,1063,72,23866,4449,15,SO003,529
EF0400,329,98,16193,2218,12,SO002,530
EF0401,1218,52,8213,19197,14,SO002,531
EF0402,906,86,18256,13212,11,SO004,532
EF0403,1082,83,19558,6577,11,SO001,533
EF0404,645,49,19566,8392,16,SO002,534
EF0405,1300,79,13535,4558,12,SO002,536
EF0406,688,91,9396,4031,13,SO002,538
EF0407,319,39,19609,7969,14,SO001,543
EF0408,192,69,9655,2654,21,SO003,544
EF0409,1490,30,10310,16555,13,SO001,546
EF0410,532,92,12932,4556,11,SO002,547
EF0411,317,43,24793,6091,20,SO001,548
EF0412,422,41,3854,19566,11,SO001,549
EF0413,1485,87,26314,4810,14,SO002,550
EF0414,1368,88,4386,4523,11,SO004,551
EF0415,1448,62,21972,3202,16,SO001,554
EF0416,296,33,12253,2351,16,SO002,555
EF0417,1490,42,12106,1702,23,SO002,556
EF0418,1398,79,13022,18041,14,SO001,558
EF0419,1349,90,3032,2886,22,SO003,560
EF0420,1400,53,16734,2097,15,SO002,562
EF0421,986,93,21526,11935,18,SO001,564
EF0422,408,71,18300,2546,16,SO001,565
EF0423,489,52,18437,2564,12,SO001,566
EF0424,1398,69,2890,8412,11,SO001,567
EF0425,210,56,22102,14118,12,SO002,568
EF0426,1099,88,9314,17046,15,SO002,569
EF0427,1116,49,7181,2564,14,SO001,571
EF0428,1499,80,2845,10266,19,SO001,573
EF0429,983,65,7389,5070,13,SO004,574
EF0430,1009,51,2288,17861,13,SO001,575
EF0431,144,46,19225,4230,15,SO001,577
EF0432,548,42,23428,3780,11,SO001,578
EF0433,1303,62,8416,2768,12,SO002,579
EF0434,1125,94,11563,9071,19,SO002,580
EF0435,1274,33,14394,10648,25,SO002,581
EF0436,1277,56,24619,13610,12,SO001,582
EF0437,587,38,6705,3408,13,SO004,584
EF0438,413,57,18398,2983,14,SO001,585
EF0439,1276,72,14295,7632,12,SO001,586
EF0440,534,66,22908,9824,12,SO001,587
EF0441,988,43,11533,9950,15,SO004,590
EF0442,1474,97,9260,2093,17,SO002,591
EF0443,635,32,15318,9980,14,SO001,592
EF0444,1368,99,9129,3894,16,SO001,593
EF0445,163,37,19658,4051,14,SO002,595
EF0446,1117,83,9873,16835,23,SO001,597
EF0447,267,56,13430,6230,14,SO001,599
EF0448,619,85,18659,4717,11,SO001,600
EF0449,302,75,20364,13237,15,SO001,601
EF0450,443,48,17872,3755,11,SO002,602
EF0451,828,77,8346,6582,13,SO001,604
EF0452,319,56,6950,7406,21,SO002,605
EF0453,561,61,16177,4805,19,SO002,606
EF0454,426,58,22808,2741,11,SO002,608
EF0455,232,34,22645,4262,12,SO003,611
EF0456,922,95,22578,16184,19,SO002,612
EF0457,688,44,25291,11557,21,SO002,613
EF0458,1306,69,8059,1878,14,SO001,614
EF0459,1094,58,11373,10932,15,SO002,615
EF0460,509,62,2112,6811,17,SO001,616
EF0461,775,45,4267,4306,12,SO003,618
EF0462,195,80,6698,4859,16,SO001,620
EF0463,258,74,19921,5337,12,SO001,621
EF0464,471,66,23213,2340,18,SO001,622
EF0465,799,59,23848,7491,17,SO001,623
EF0466,1034,86,8984,10527,11,SO001,624
EF0467,1276,91,5626,16595,16,SO002,625
EF0468,142,69,24666,8834,13,SO002,626
EF0469,956,78,22087,5577,12,SO003,630
EF0470,1474,60,23914,4707,12,SO001,631
EF0471,535,38,5530,2400,13,SO003,632
EF0472,1495,76,22174,9824,19,SO002,634
EF0473,446,65,15701,6447,12,SO002,635
EF0474,1245,58,2125,19502,17,SO002,638
EF0475,691,89,21630,2725,11,SO003,639
EF0476,703,66,7428,6272,20,SO003,641
EF0477,823,94,9100,2127,21,SO002,643
EF0478,1246,99,7999,18200,11,SO002,644
EF0479,622,40,26376,2096,11,SO001,645
EF0480,1287,55,14168,2886,16,SO002,647
EF0481,448,74,14470,2033,18,SO002,648
EF0482,254,83,22794,3622,13,SO002,649
EF0483,1365,46,11512,4233,17,SO001,650
EF0484,538,54,14004,3681,14,SO001,652
EF0485,525,66,6219,5460,22,SO003,653
EF0486,798,66,5013,2187,12,SO003,655
EF0487,558,75,3010,9602,11,SO002,656
EF0488,959,83,11757,2836,13,SO001,657
EF0489,622,81,5718,4089,13,SO003,659
EF0490,782,50,2671,16627,14,SO002,661
EF0491,362,43,14561,2619,17,SO001,662
EF0492,1001,72,19627,5679,13,SO002,663
EF0493,1236,40,17997,15402,11,SO002,664
EF0494,1112,50,26894,5985,11,SO001,665
EF0495,204,31,2912,2579,18,SO003,666
EF0496,1420,85,16346,3041,11,SO002,667
EF0497,1343,49,24444,3447,11,SO001,669
EF0498,1315,35,9358,19513,12,SO002,671
EF0499,604,69,12145,2773,20,SO001,675
EF0500,1216,39,20431,7104,12,SO001,677
EF0501,646,92,18089,6322,12,SO002,679
EF0502,160,71,22653,2083,20,SO002,680
EF0503,238,34,7507,8381,20,SO001,682
EF0504,1397,42,7660,2691,12,SO002,683
EF0505,306,100,5630,4286,14,SO003,684
EF0506,991,71,17759,2659,13,SO002,686
EF0507,482,36,9606,9434,15,SO002,689
EF0508,1176,62,3487,5561,14,SO002,690
EF0509,1017,82,19368,6646,13,SO001,691
EF0510,1296,30,5335,7725,23,SO002,692
EF0511,397,88,6729,10725,15,SO002,698
EF0512,913,48,13934,8847,11,SO002,699
EF0513,1115,54,15174,2045,13,SO001,700
EF0514,1362,32,26999,1009,11,SO001,701
EF0515,1076,70,3164,3348,11,SO001,702
EF0516,727,41,16900,1281,18,SO003,704
EF0517,885,58,8544,2819,16,SO002,705
EF0518,810,57,15678,4851,22,SO002,707
EF0519,243,46,7791,4028,20,SO001,709
EF0520,806,76,18959,2720,18,SO002,710
EF0521,817,56,18597,8120,12,SO001,712
EF0522,1410,71,16673,4647,20,SO003,714
EF0523,1225,80,15232,4680,17,SO001,715
EF0524,1207,74,3297,3221,11,SO004,716
EF0525,1442,46,17654,8621,14,SO001,717
EF0526,693,65,24785,4577,14,SO001,720
EF0527,408,80,20978,4553,11,SO001,721
EF0528,929,55,21703,5396,12,SO001,722
EF0529,562,50,23452,6796,14,SO002,723
EF0530,827,33,19383,7625,13,SO001,724
EF0531,608,68,6009,7412,11,SO001,725
EF0532,1018,39,19373,11159,15,SO001,727
EF0533,703,42,11825,4960,12,SO001,728
EF0534,580,48,23772,10475,21,SO002,729
EF0535,970,59,13514,14814,19,SO001,730
EF0536,427,73,8861,19141,15,SO004,731
EF0537,1179,84,11924,5405,14,SO001,732
EF0538,294,32,4809,8793,21,SO003,733
EF0539,314,59,19562,19189,12,SO002,734
EF0540,316,54,9983,3875,15,SO002,738
EF0541,654,67,3872,2216,13,SO001,741
EF0542,427,63,20335,11713,14,SO002,742
EF0543,168,81,15397,7861,14,SO001,743
EF0544,381,49,2104,3708,14,SO001,744
EF0545,217,49,10225,13770,12,SO003,746
EF0546,501,99,25275,5304,23,SO002,747
EF0547,1396,99,2755,2642,11,SO001,749
EF0548,933,57,20366,2759,12,SO001,752
EF0549,775,47,23683,6804,18,SO002,754
EF0550,970,96,7360,6142,11,SO001,757
EF0551,650,37,4344,2500,14,SO002,758
EF0552,141,44,18767,6389,15,SO002,760
EF0553,832,81,20420,11103,11,SO001,762
EF0554,804,86,22929,2342,20,SO001,763
EF0555,975,55,23398,6811,19,SO001,764
EF0556,1090,83,17967,2297,14,SO003,766
EF0557,346,86,10919,2450,17,SO001,769
EF0558,1225,61,4761,5093,11,SO002,771
EF0559,430,80,21146,5309,15,SO003,772
EF0560,268,92,20471,3057,13,SO002,773
EF0561,167,32,4187,5121,14,SO002,775
EF0562,621,31,10084,16856,11,SO001,776
EF0563,527,63,5207,2686,13,SO001,780
EF0564,883,32,22807,6180,23,SO001,781
EF0565,954,46,12388,6632,13,SO001,783
EF0566,310,79,19630,3505,18,SO001,784
EF0567,719,77,10339,6397,12,SO001,785
EF0568,304,60,18686,6274,22,SO001,786
EF0569,725,78,21199,19859,13,SO002,787
EF0570,1434,76,14229,7587,15,SO001,789
EF0571,715,41,26589,4258,18,SO002,791
EF0572,575,71,5288,4364,14,SO002,792
EF0573,657,66,25549,4335,12,SO002,793
EF0574,1146,38,3064,5326,17,SO001,796
EF0575,182,72,13551,3280,16,SO001,797
EF0576,376,95,22670,5485,11,SO003,799
EF0577,829,84,24008,4342,19,SO002,800
EF0578,571,82,19905,2782,13,SO003,802
EF0579,240,75,26085,5980,12,SO001,803
EF0580,121,86,7530,4381,11,SO001,804
EF0581,384,72,20317,2572,16,SO002,805
EF0582,921,38,24375,3833,21,SO003,806
EF0583,791,38,9931,4244,24,SO002,807
EF0584,1111,93,13305,6500,17,SO002,808
EF0585,570,66,16225,18430,13,SO002,809
EF0586,1243,63,3445,1601,21,SO003,811
EF0587,1092,60,26551,2694,11,SO004,812
EF0588,1325,82,21821,3149,20,SO002,813
EF0589,691,64,6881,17639,16,SO001,815
EF0590,805,36,6689,2319,11,SO002,816
EF0591,213,49,25995,11691,11,SO001,817
EF0592,118,69,26507,5324,15,SO001,819
EF0593,202,33,12982,16752,11,SO002,820
EF0594,676,35,23361,5228,15,SO002,823
EF0595,1252,81,23779,2700,24,SO002,824
EF0596,286,31,25761,19246,12,SO001,825
EF0597,1258,40,13301,2506,13,SO001,826
EF0598,932,43,4051,6062,13,SO002,827
EF0599,890,46,16374,4382,17,SO001,828
EF0600,1041,36,25527,2143,13,SO002,829
EF0601,859,98,19124,6162,12,SO002,830
EF0602,720,51,11983,5094,14,SO001,832
EF0603,946,52,20234,6877,24,SO001,833
EF0604,252,95,6153,2274,14,SO001,834
EF0605,933,98,11806,4434,13,SO002,836
EF0606,471,45,4284,6288,15,SO002,837
EF0607,702,100,8306,2553,16,SO001,838
EF0608,1184,43,5860,7654,18,SO003,840
EF0609,436,37,21519,5160,16,SO001,842
EF0610,589,94,5200,17159,24,SO002,843
EF0611,269,42,8842,12808,16,SO002,844
EF0612,950,59,18869,10221,21,SO001,845
EF0613,760,81,3698,4779,20,SO001,846
EF0614,829,88,2243,3737,19,SO002,847
EF0615,887,88,20898,2366,14,SO002,848
EF0616,443,50,16571,1706,11,SO004,850
EF0617,1318,66,5594,16307,14,SO002,851
EF0618,625,50,5197,5933,12,SO001,852
EF0619,180,65,21632,3424,13,SO001,854
EF0620,586,48,21816,4037,22,SO002,855
EF0621,1343,53,17852,2559,11,SO001,856
EF0622,928,56,2823,6201,14,SO002,857
EF0623,117,73,9250,4403,11,SO002,859
EF0624,1012,75,2373,3761,12,SO002,861
EF0625,661,78,20715,10934,18,SO002,862
EF0626,930,74,19239,10761,12,SO002,864
EF0627,638,91,22162,5175,12,SO002,865
EF0628,890,81,19028,13826,22,SO001,867
EF0629,342,66,24558,6334,19,SO003,868
EF0630,1169,63,23965,4936,13,SO002,869
EF0631,1230,33,19146,4775,22,SO003,872
EF0632,986,62,5044,2818,24,SO002,874
EF0633,1271,35,9068,2515,14,SO001,875
EF0634,1278,77,8635,2342,21,SO001,878
EF0635,141,98,14363,4194,18,SO001,879
EF0636,607,66,23457,10685,20,SO002,880
EF0637,130,96,16612,2022,19,SO002,881
EF0638,300,61,9148,2314,12,SO002,882
EF0639,583,87,18154,4256,12,SO001,885
EF0640,1418,36,10554,3580,16,SO002,887
EF0641,1269,46,10778,3162,17,SO001,888
EF0642,379,48,8891,6524,14,SO002,889
EF0643,395,98,12102,2899,19,SO002,893
EF0644,1265,95,23726,5231,13,SO002,894
EF0645,1222,48,14871,2356,19,SO002,895
EF0646,341,48,23522,2800,19,SO004,896
EF0647,868,73,22789,11836,14,SO002,897
EF0648,672,78,9129,10903,16,SO001,899
EF0649,1231,54,21222,2973,15,SO002,900
EF0650,102,72,20206,14275,18,SO001,901
EF0651,422,33,21782,5562,13,SO002,902
EF0652,249,35,17783,4537,22,SO002,903
EF0653,1252,32,4814,7642,13,SO001,904
EF0654,881,98,4544,17924,11,SO002,905
EF0655,1383,42,7790,5204,11,SO003,909
EF0656,1075,57,22650,2277,11,SO002,910
EF0657,374,87,18016,2795,24,SO001,911
EF0658,1086,62,6054,2532,14,SO004,912
EF0659,661,61,7508,2559,13,SO001,913
EF0660,821,98,24252,4908,14,SO001,916
EF0661,781,57,13384,2380,14,SO002,918
EF0662,177,55,23814,4765,21,SO002,920
EF0663,500,49,22052,2044,13,SO001,922
EF0664,1427,65,8870,2693,19,SO001,923
EF0665,1425,68,4821,6586,17,SO002,924
EF0666,1454,65,13137,3294,18,SO001,925
EF0667,617,34,10022,4171,19,SO002,926
EF0668,1085,57,17725,2778,13,SO002,927
EF0669,995,77,9834,2377,18,SO002,930
EF0670,1122,70,4303,2404,21,SO001,932
EF0671,618,76,17808,2318,19,SO001,933
EF0672,546,83,6896,2008,14,SO003,934
EF0673,462,68,7824,6244,17,SO001,936
EF0674,1198,100,3339,2799,11,SO001,939
EF0675,1272,37,9255,10552,13,SO002,940
EF0676,154,41,11737,2329,15,SO001,941
EF0677,1137,51,19170,4014,25,SO002,942
EF0678,527,51,22477,7403,11,SO002,944
EF0679,1469,51,5543,2259,17,SO003,945
EF0680,1188,45,24406,6932,13,SO002,947
EF0681,188,65,23293,4678,18,SO001,949
EF0682,1333,80,16292,13582,13,SO002,950
EF0683,1184,70,3974,2332,20,SO001,951
EF0684,867,36,18798,2413,18,SO004,952
EF0685,658,67,20652,9705,12,SO002,954
EF0686,1283,52,11148,4294,12,SO001,956
EF0687,263,59,3119,4721,13,SO001,957
EF0688,938,79,12287,2519,21,SO001,958
EF0689,419,37,9947,2121,13,SO001,959
EF0690,129,84,13008,2973,19,SO001,960
EF0691,616,41,17369,5855,11,SO003,961
EF0692,1469,35,25063,3617,14,SO002,964
EF0693,498,93,13554,6725,12,SO002,966
EF0694,530,51,5518,10325,11,SO002,967
EF0695,1069,42,12291,6949,14,SO001,969
EF0696,625,46,14922,10609,11,SO001,970
EF0697,805,57,23163,4447,12,SO001,972
EF0698,1404,84,18203,2157,15,SO002,974
EF0699,1219,86,6179,4601,16,SO001,975
EF0700,1053,70,13829,17099,15,SO002,976
EF0701,289,51,26227,2479,24,SO001,977
EF0702,1376,45,13938,14852,13,SO002,981
EF0703,231,62,9977,7264,11,SO002,982
EF0704,152,85,19899,5666,13,SO001,983
EF0705,882,92,6812,7823,13,SO002,984
EF0706,903,41,2560,7880,18,SO001,985
EF0707,1479,100,17071,13194,16,SO001,986
EF0708,1379,64,6759,5067,19,SO001,987
EF0709,1229,84,25952,5079,13,SO003,990
EF0710,335,46,10322,2321,22,SO001,991
EF0711,722,38,20489,17444,11,SO001,992
EF0712,906,92,11479,2404,20,SO001,994
EF0713,461,53,17241,3452,18,SO001,995
EF0714,974,91,11005,2270,14,SO003,996
EF0715,1126,66,6615,17399,22,SO002,997
EF0716,827,84,20161,5488,13,SO002,998
EF0717,840,64,3735,19419,17,SO002,999
EF0718,1134,37,12086,2811,14,SO002,1001
EF0719,248,42,14039,3633,15,SO002,1002
EF0720,955,83,8571,4163,17,SO001,1003
EF0721,138,48,11539,2132,11,SO001,1004
EF0722,939,95,4161,13973,18,SO002,1005
EF0723,1391,66,12127,2684,17,SO002,1006
EF0724,566,75,24208,10845,13,SO002,1007
EF0725,1206,41,24117,4377,15,SO003,1009
EF0726,622,39,10074,3743,24,SO002,1010
EF0727,853,96,11275,4148,12,SO002,1011
EF0728,287,73,13493,1051,15,SO001,1012
EF0729,1441,56,13943,10739,11,SO002,1013
EF0730,583,57,6975,10388,11,SO002,1014
EF0731,153,73,17802,11416,12,SO004,1015
EF0732,1097,98,18275,2600,15,SO001,1016
EF0733,109,60,25725,2422,17,SO001,1017
EF0734,1066,32,3334,5472,12,SO001,1018
EF0735,217,94,6881,2451,15,SO002,1019
EF0736,277,97,13119,4240,13,SO001,1022
EF0737,1355,78,22245,10999,14,SO001,1024
EF0738,549,42,23371,5003,14,SO001,1025
EF0739,466,65,7060,12742,16,SO002,1026
EF0740,1055,47,4658,4227,18,SO002,1027
EF0741,802,45,9541,3917,20,SO002,1028
EF0742,265,90,7770,18303,13,SO001,1029
EF0743,804,64,20165,2380,18,SO001,1030
EF0744,715,69,21829,13726,13,SO001,1032
EF0745,1141,61,14382,4777,15,SO001,1033
EF0746,135,62,12992,6385,14,SO003,1034
EF0747,247,55,20284,19973,22,SO003,1035
EF0748,1035,42,4981,6861,12,SO001,1036
EF0749,265,79,21813,4969,18,SO001,1037
EF0750,266,57,25846,19845,15,SO002,1038
EF0751,1448,53,11737,13320,18,SO002,1039
EF0752,145,95,24920,6347,12,SO002,1040
EF0753,885,43,8269,2743,16,SO001,1042
EF0754,945,82,5083,10880,13,SO001,1043
EF0755,1038,88,21437,2342,19,SO001,1044
EF0756,1234,90,5404,17650,13,SO002,1045
EF0757,1109,69,11135,4025,12,SO001,1046
EF0758,216,75,12278,9725,11,SO002,1047
EF0759,1089,66,11038,11904,14,SO002,1048
EF0760,788,36,8318,2177,16,SO001,1049
EF0761,124,38,23537,7525,12,SO002,1050
EF0762,660,81,7858,4834,14,SO002,1052
EF0763,342,57,15346,2042,14,SO002,1053
EF0764,1333,87,18410,2220,19,SO002,1055
EF0765,1144,74,23384,1052,22,SO001,1056
EF0766,1186,44,2997,2821,16,SO002,1060
EF0767,1464,62,12853,19237,11,SO002,1061
EF0768,124,35,13848,4107,15,SO001,1062
EF0769,300,74,22217,8396,14,SO002,1066
EF0770,921,66,25265,2007,13,SO003,1068
EF0771,430,40,21445,19627,17,SO003,1069
EF0772,1082,41,8392,10686,11,SO002,1070
EF0773,1240,63,12154,2942,19,SO002,1071
EF0774,796,51,15669,8858,11,SO001,1073
EF0775,444,40,17323,16756,15,SO001,1074
EF0776,415,79,5268,10798,13,SO002,1076
EF0777,769,54,17205,2323,14,SO001,1077
EF0778,1334,36,17258,1416,13,SO001,1079
EF0779,1003,74,21029,4615,23,SO004,1080
EF0780,1323,34,10332,2461,12,SO004,1081
EF0781,1366,72,12355,8722,12,SO001,1082
EF0782,192,59,11141,3955,16,SO003,1083
EF0783,1176,85,9096,9957,15,SO002,1084
EF0784,509,43,18863,3376,13,SO001,1085
EF0785,330,65,24608,8823,18,SO002,1088
EF0786,1492,61,26542,10322,20,SO002,1092
EF0787,1277,87,5869,4621,19,SO004,1094
EF0788,1091,65,15813,10976,18,SO002,1096
EF0789,857,59,7909,3660,13,SO001,1097
EF0790,1376,91,2326,10482,14,SO002,1098
EF0791,654,34,21214,7119,15,SO002,1099
EF0792,1204,86,10333,9582,22,SO001,1100
EF0793,827,54,3129,4508,22,SO001,1101
EF0794,895,50,22482,2207,16,SO002,1102
EF0795,618,45,22266,7756,17,SO001,1103
EF0796,309,88,24223,6694,14,SO004,1105
EF0797,1219,32,4605,3691,15,SO002,1106
EF0798,1330,37,19373,2377,20,SO002,1107
EF0799,1017,55,2993,2313,20,SO001,1108
EF0800,469,35,14399,17665,17,SO002,1109
EF0801,1009,45,7160,2596,15,SO003,1111
EF0802,959,81,17251,4728,14,SO001,1113
EF0803,970,30,13401,4302,17,SO002,1114
EF0804,697,40,22478,2979,17,SO004,1115
EF0805,1262,35,16154,16885,22,SO001,1116
EF0806,1050,65,17970,5593,13,SO002,1117
EF0807,994,87,15322,10445,19,SO001,1118
EF0808,770,73,5569,8740,14,SO003,1119
EF0809,1107,93,26968,2514,22,SO002,1120
EF0810,950,93,8039,7655,17,SO004,1121
EF0811,406,52,15596,17465,12,SO002,1124
EF0812,130,32,20619,7351,16,SO001,1125
EF0813,1082,83,11535,10820,11,SO002,1126
EF0814,203,84,13547,12169,11,SO004,1127
EF0815,1308,44,17544,19626,14,SO001,1128
EF0816,984,70,25326,2070,11,SO001,1131
EF0817,439,70,8770,6782,15,SO001,1132
EF0818,217,78,23238,7779,20,SO001,1133
EF0819,793,67,21981,2791,12,SO002,1135
EF0820,1451,67,19911,3201,17,SO001,1136
EF0821,1182,54,18500,4968,11,SO002,1137
EF0822,174,56,11879,13120,17,SO002,1138
EF0823,1003,95,15834,4033,11,SO001,1140
EF0824,490,61,17940,3291,14,SO003,1143
EF0825,188,56,9558,4272,19,SO001,1148
EF0826,718,79,17689,5056,15,SO002,1150
EF0827,433,37,6004,2844,13,SO002,1152
EF0828,773,39,22088,2703,14,SO002,1154
EF0829,247,80,13556,1904,12,SO001,1156
EF0830,603,77,18385,8224,17,SO001,1157
EF0831,167,46,9051,4766,11,SO002,1158
EF0832,874,72,6233,2610,12,SO002,1160
EF0833,367,52,17171,5731,13,SO003,1161
EF0834,199,55,7950,2539,13,SO002,1162
EF0835,1400,70,5829,5714,20,SO001,1163
EF0836,528,100,7108,4323,17,SO001,1164
EF0837,408,45,11162,7336,13,SO002,1165
EF0838,593,88,13782,13499,17,SO001,1166
EF0839,481,44,2447,13758,12,SO001,1167
EF0840,647,45,2253,5155,13,SO001,1171
EF0841,982,58,16340,2258,12,SO002,1172
EF0842,477,49,6409,3597,22,SO001,1173
EF0843,1485,79,22955,2515,11,SO001,1175
EF0844,1384,82,13421,4420,22,SO002,1177
EF0845,852,72,2706,6578,18,SO002,1179
EF0846,902,92,21203,4422,13,SO002,1180
EF0847,819,44,19588,10274,18,SO002,1182
EF0848,669,97,25755,5343,20,SO001,1184
EF0849,636,47,26537,2376,13,SO002,1185
EF0850,1372,85,9489,5346,13,SO001,1188
EF0851,862,76,14947,2827,12,SO004,1190
EF0852,718,92,18575,19943,13,SO002,1191
EF0853,1401,54,26342,3131,13,SO002,1192
EF0854,645,54,7172,2552,25,SO001,1193
EF0855,1457,83,20100,4477,19,SO002,1195
EF0856,977,56,9961,6474,13,SO002,1196
EF0857,805,87,12828,3033,12,SO001,1198
EF0858,1097,96,10826,2936,11,SO001,1200
EF0859,1223,50,18640,18606,18,SO002,1201
EF0860,942,69,26933,2168,18,SO002,1202
EF0861,1256,48,4223,2853,11,SO002,1203
EF0862,1402,69,24097,17048,23,SO001,1204
EF0863,111,74,4279,2290,13,SO001,1206
EF0864,147,99,8429,3600,13,SO002,1207
EF0865,906,95,20293,2107,17,SO002,1210
EF0866,1329,61,13192,4115,19,SO004,1211
EF0867,1184,62,25440,4327,12,SO004,1212
EF0868,1421,30,9490,17856,22,SO002,1215
EF0869,1179,78,12449,3196,12,SO004,1216
EF0870,1450,52,10849,19081,11,SO002,1217
EF0871,1361,94,21026,8966,15,SO004,1218
EF0872,984,97,3372,2210,13,SO002,1219
EF0873,1146,82,4905,4539,12,SO002,1220
EF0874,917,60,6865,2741,14,SO002,1221
EF0875,853,49,11309,3491,13,SO004,1224
EF0876,200,32,7744,4541,25,SO001,1225
EF0877,654,43,5050,2678,17,SO001,1226
EF0878,150,60,17433,7379,11,SO002,1228
EF0879,179,79,12858,6272,16,SO002,1231
EF0880,696,52,10893,5220,18,SO002,1233
EF0881,116,77,7331,2743,20,SO002,1234
EF0882,1316,38,2338,4998,14,SO001,1235
EF0883,363,77,4235,10252,21,SO002,1237
EF0884,117,60,6311,2781,13,SO002,1238
EF0885,107,84,11591,6852,12,SO002,1239
EF0886,1356,57,20623,4950,14,SO001,1240
EF0887,1465,63,9369,3579,21,SO002,1241
EF0888,458,60,23281,13191,17,SO001,1242
EF0889,1212,78,13755,10377,11,SO002,1243
EF0890,1103,42,14377,2235,14,SO003,1244
EF0891,966,53,9659,10502,17,SO002,1245
EF0892,1117,72,19982,2011,13,SO002,1246
EF0893,504,96,6148,1859,25,SO001,1248
EF0894,1010,97,5598,3760,15,SO004,1249
EF0895,685,85,23474,17779,14,SO001,1250
EF0896,1332,80,17089,6833,12,SO001,1251
EF0897,1062,96,17198,6812,19,SO001,1252
EF0898,326,48,16490,5171,17,SO001,1254
EF0899,920,96,18625,19740,14,SO002,1255
EF0900,1098,85,12124,18711,13,SO002,1256
EF0901,469,46,9256,3692,12,SO001,1257
EF0902,969,76,16620,2559,11,SO001,1258
EF0903,1167,76,3208,2517,11,SO004,1259
EF0904,1329,82,4204,6623,11,SO003,1260
EF0905,715,76,8733,18265,12,SO001,1263
EF0906,694,87,3423,16124,14,SO003,1264
EF0907,1320,89,21643,2585,17,SO001,1265
EF0908,1099,88,8751,18213,11,SO002,1267
EF0909,536,82,21708,8380,14,SO003,1268
EF0910,265,57,21221,2994,12,SO001,1269
EF0911,373,47,16901,1223,22,SO002,1270
EF0912,599,73,8040,1118,14,SO001,1273
EF0913,583,53,9973,2875,20,SO001,1275
EF0914,1449,94,2493,18824,16,SO001,1277
EF0915,177,37,25592,13577,15,SO002,1278
EF0916,251,45,25308,2625,20,SO001,1279
EF0917,168,33,9946,18789,14,SO002,1280
EF0918,131,86,6039,4538,12,SO001,1281
EF0919,237,83,19196,19847,24,SO002,1282
EF0920,1429,67,20002,10512,12,SO001,1283
EF0921,135,46,22534,4444,13,SO003,1285
EF0922,791,44,6842,2154,11,SO001,1286
EF0923,1199,92,17477,19190,14,SO003,1288
EF0924,648,56,21833,4490,11,SO003,1289
EF0925,735,66,6020,3506,14,SO001,1291
EF0926,603,78,5628,2372,16,SO001,1292
EF0927,531,56,20364,10231,14,SO001,1293
EF0928,429,53,2323,5410,11,SO001,1294
EF0929,621,73,14075,7978,11,SO002,1295
EF0930,193,52,14222,3867,12,SO002,1296
EF0931,968,40,4257,2838,14,SO001,1297
EF0932,879,72,12858,4695,18,SO001,1298
EF0933,806,39,17285,3339,13,SO003,1299
EF0934,640,84,4732,2080,11,SO001,1301
EF0935,266,40,18830,2096,18,SO001,1303
EF0936,604,56,11693,6209,15,SO003,1304
EF0937,364,83,13035,18061,22,SO001,1306
EF0938,412,94,17334,17123,13,SO003,1307
EF0939,848,88,26076,2372,12,SO003,1308
EF0940,1089,79,22845,4883,18,SO002,1309
EF0941,360,93,22154,3904,13,SO001,1310
EF0942,1138,48,23631,4627,12,SO002,1311
EF0943,325,63,5747,7094,12,SO001,1312
EF0944,991,44,22957,3423,12,SO001,1314
EF0945,1476,55,16392,6674,11,SO004,1315
EF0946,1322,43,22422,16880,11,SO001,1317
EF0947,299,57,17235,9094,12,SO001,1318
EF0948,1030,64,21534,8446,19,SO001,1319
EF0949,634,95,25927,11916,23,SO003,1321
EF0950,524,32,13352,4534,11,SO001,1322
EF0951,587,57,8935,9852,19,SO002,1324
EF0952,256,40,22074,6151,13,SO001,1329
EF0953,1060,54,8319,2302,11,SO001,1331
EF0954,935,89,14669,2362,12,SO001,1333
EF0955,495,37,26582,17861,13,SO001,1334
EF0956,282,58,6992,19187,14,SO002,1336
EF0957,206,99,4022,19717,14,SO001,1338
EF0958,458,74,8532,3544,16,SO002,1340
EF0959,943,86,5494,8500,11,SO002,1344
EF0960,523,98,22455,4661,13,SO001,1346
EF0961,1018,66,4297,4103,17,SO002,1349
EF0962,482,87,2690,4249,11,SO001,1350
EF0963,770,84,17588,14026,11,SO002,1352
EF0964,1009,31,19461,6893,15,SO002,1355
EF0965,507,66,23553,6125,12,SO001,1356
EF0966,882,67,9075,3669,11,SO004,1358
EF0967,601,53,12023,10008,14,SO001,1360
EF0968,329,88,6762,2387,22,SO002,1361
EF0969,607,83,2261,4639,16,SO002,1362
EF0970,855,54,18706,7898,11,SO001,1363
EF0971,1291,98,6527,2534,14,SO002,1364
EF0972,1405,82,24439,13142,16,SO001,1367
EF0973,1124,97,19305,1611,15,SO001,1368
EF0974,817,60,10846,5363,12,SO002,1369
EF0975,793,43,20392,5071,20,SO001,1371
EF0976,267,85,9277,13695,17,SO001,1372
EF0977,1369,68,18235,13402,12,SO002,1373
EF0978,999,92,15891,2029,20,SO004,1374
EF0979,1202,89,13888,6377,20,SO004,1375
EF0980,285,86,17491,5429,13,SO003,1377
EF0981,703,90,11882,2785,14,SO001,1379
EF0982,662,67,23288,4614,18,SO002,1380
EF0983,693,57,15748,2610,11,SO004,1382
EF0984,404,98,6163,6687,11,SO001,1383
EF0985,736,48,24232,4724,11,SO002,1387
EF0986,330,98,21057,6179,15,SO003,1389
EF0987,1498,44,3567,6120,12,SO003,1390
EF0988,541,52,15395,10596,11,SO001,1391
EF0989,1200,75,13953,5467,14,SO003,1392
EF0990,1439,54,5182,2996,15,SO001,1394
EF0991,1111,61,19293,9998,13,SO001,1395
EF0992,499,36,20497,4078,13,SO004,1396
EF0993,1485,71,3449,10920,21,SO002,1397
EF0994,1372,93,12477,6232,11,SO001,1399
EF0995,322,59,9731,13247,11,SO002,1401
EF0996,930,73,20003,4081,14,SO001,1402
EF0997,205,98,7100,5769,11,SO001,1403
EF0998,135,51,25681,2394,13,SO001,1405
EF0999,683,36,4050,3904,12,SO001,1407
EF1000,1147,31,16616,16799,14,SO002,1408
EF1001,258,54,17363,2950,13,SO001,1409
EF1002,1462,94,19106,3629,18,SO001,1411
EF1003,200,60,19944,9362,11,SO001,1412
EF1004,949,81,4910,3229,11,SO002,1415
EF1005,652,100,23577,3578,12,SO001,1417
EF1006,332,51,9769,7988,13,SO001,1419
EF1007,1475,97,22710,4284,20,SO001,1420
EF1008,337,84,22930,7553,12,SO001,1421
EF1009,971,54,5652,17328,19,SO001,1422
EF1010,1055,76,22456,19701,21,SO002,1423
EF1011,1136,81,12414,14732,13,SO003,1424
EF1012,1174,99,20763,9278,16,SO001,1425
EF1013,667,50,16154,1359,12,SO001,1427
EF1014,855,73,12761,4779,14,SO003,1428
EF1015,182,93,8847,16422,11,SO001,1430
EF1016,560,91,20284,2996,14,SO003,1431
EF1017,202,34,22262,1261,12,SO001,1433
EF1018,1377,91,7679,2099,14,SO001,1434
EF1019,172,37,22604,5810,16,SO001,1435
EF1020,329,98,13494,5647,13,SO003,1436
EF1021,465,74,10205,3420,12,SO002,1438
EF1022,383,68,15182,4400,12,SO001,1439
EF1023,1413,84,25470,3500,14,SO001,1440
EF1024,1255,90,10494,2066,22,SO002,1441
EF1025,359,82,26703,17169,19,SO003,1443
EF1026,1476,42,15211,4162,12,SO003,1445
EF1027,601,97,23343,9204,12,SO002,1446
EF1028,401,86,3708,3294,17,SO002,1447
EF1029,1283,90,5561,2127,12,SO001,1448
EF1030,663,81,23099,3975,11,SO003,1449
EF1031,326,31,8386,10793,18,SO002,1453
EF1032,377,52,15986,10096,11,SO002,1457
EF1033,592,54,17181,3646,23,SO001,1458
EF1034,1445,100,8931,7446,11,SO001,1459
EF1035,1038,95,19863,10851,18,SO002,1460
EF1036,1398,96,24609,2109,18,SO001,1461
EF1037,523,94,21081,3722,13,SO002,1464
EF1038,1448,55,14720,9380,18,SO003,1465
EF1039,1221,96,24795,5486,11,SO004,1466
EF1040,1107,52,3072,2742,15,SO001,1467
EF1041,218,55,25178,13757,11,SO002,1468
EF1042,866,84,23490,8463,18,SO001,1469
EF1043,981,90,7973,3162,14,SO001,1471
EF1044,447,39,19764,16598,12,SO001,1472
EF1045,1495,96,21534,6651,14,SO002,1473
EF1046,896,68,8045,2345,14,SO002,1474
EF1047,1467,49,21158,3420,13,SO001,1475
EF1048,430,54,17456,4373,14,SO003,1477
EF1049,1326,81,15891,4759,18,SO001,1478
EF1050,1358,96,2939,5301,15,SO003,1479
EF1051,748,74,16458,3673,13,SO001,1480
EF1052,383,79,9282,4768,12,SO002,1481
EF1053,990,64,7152,1274,13,SO003,1482
EF1054,405,93,2721,4900,24,SO002,1483
EF1055,1490,35,20948,10466,14,SO003,1484
EF1056,829,71,11929,17007,14,SO003,1485
EF1057,1496,92,15747,2909,15,SO002,1486
EF1058,115,51,17485,5765,11,SO001,1487
EF1059,790,40,7815,4599,23,SO001,1489
EF1060,660,76,16192,2404,13,SO002,1492
EF1061,381,89,16998,3172,11,SO001,1494
EF1062,830,78,7103,2033,13,SO002,1495
EF1063,1193,86,19719,10209,18,SO001,1496
EF1064,1246,77,23757,8620,14,SO003,1497
EF1065,330,46,15428,2064,21,SO002,1499
EF1066,1229,30,16143,4035,16,SO001,1501
EF1067,1099,82,8192,3838,11,SO001,1502
EF1068,571,78,24200,4591,17,SO002,1503
EF1069,289,38,5355,2561,11,SO001,1504
EF1070,1423,72,12530,1563,14,SO002,1506
EF1071,467,55,11827,4898,14,SO001,1507
EF1072,271,43,23070,4789,25,SO002,1509
EF1073,410,97,4668,3180,13,SO004,1513
EF1074,1083,96,3173,6549,14,SO003,1514
EF1075,516,69,22049,6388,17,SO001,1515
EF1076,495,64,21072,11244,25,SO001,1516
EF1077,1050,87,24456,16032,20,SO002,1520
EF1078,224,100,7568,2362,13,SO001,1522
EF1079,136,32,22074,16328,13,SO002,1523
EF1080,1089,32,9150,8376,18,SO001,1525
EF1081,228,51,11380,16606,12,SO002,1527
EF1082,1029,91,21195,8606,19,SO001,1529
EF1083,507,97,24812,2272,14,SO001,1533
EF1084,676,86,21831,2018,14,SO001,1534
EF1085,971,64,12288,7083,14,SO001,1535
EF1086,561,33,4156,4084,12,SO001,1537
EF1087,333,88,24450,14411,13,SO001,1539
EF1088,1440,55,4944,2308,25,SO002,1541
EF1089,1210,68,24052,4841,14,SO002,1542
EF1090,674,47,3031,4285,17,SO001,1543
EF1091,441,39,7288,9715,13,SO002,1544
EF1092,575,44,24152,4320,13,SO001,1545
EF1093,950,97,4585,2132,20,SO002,1546
EF1094,288,40,18611,10124,14,SO002,1547
EF1095,1342,47,19345,5473,12,SO001,1548
EF1096,589,79,22949,5207,12,SO002,1549
EF1097,898,38,17381,16437,21,SO001,1550
EF1098,350,57,10036,2296,14,SO004,1551
EF1099,1142,72,8841,4069,18,SO001,1552
EF1100,538,66,20933,7441,12,SO004,1553
EF1101,1402,98,26204,2430,23,SO003,1554
EF1102,824,67,15624,5878,12,SO002,1555
EF1103,1157,70,17001,2644,21,SO001,1556
EF1104,492,96,13693,6439,14,SO002,1557
EF1105,598,91,22376,2451,18,SO003,1558
EF1106,1242,46,10589,6392,13,SO002,1560
EF1107,740,64,5323,9714,11,SO002,1562
EF1108,888,71,14814,6077,11,SO001,1563
EF1109,992,68,21731,2450,19,SO001,1564
EF1110,1288,33,17799,9250,12,SO002,1568
EF1111,104,69,26619,2074,12,SO002,1569
EF1112,607,78,14618,10169,16,SO002,1572
EF1113,903,81,7653,4855,11,SO003,1573
EF1114,1200,62,25174,4087,14,SO002,1574
EF1115,1108,65,16530,2367,12,SO002,1576
EF1116,479,35,22061,2972,13,SO001,1577
EF1117,685,60,23037,19586,21,SO002,1578
EF1118,1351,45,13008,5484,17,SO002,1580
EF1119,474,89,11133,2061,21,SO001,1581
EF1120,1245,80,12355,9924,11,SO002,1582
EF1121,437,90,16379,4198,12,SO001,1583
EF1122,884,73,21447,6815,13,SO001,1585
EF1123,1370,87,16213,4723,18,SO001,1586
EF1124,670,51,4223,6142,16,SO001,1587
EF1125,1462,38,4658,8237,11,SO002,1588
EF1126,995,87,24483,8853,19,SO002,1590
EF1127,264,59,19519,19331,16,SO002,1591
EF1128,977,45,12826,2073,16,SO002,1592
EF1129,1302,80,19711,5562,13,SO002,1594
EF1130,1059,93,26362,19613,22,SO001,1595
EF1131,750,46,25348,3407,17,SO003,1596
EF1132,653,92,15332,5063,14,SO002,1597
EF1133,118,84,11262,4639,15,SO002,1598
EF1134,990,87,5855,4876,12,SO002,1599
EF1135,1349,63,7713,2690,18,SO002,1601
EF1136,563,56,3156,17567,15,SO001,1602
EF1137,329,51,7324,2408,17,SO004,1604
EF1138,457,85,10293,2814,14,SO001,1605
EF1139,1234,41,20689,11245,15,SO002,1606
EF1140,634,35,18783,3312,17,SO003,1607
EF1141,1313,31,3549,19049,14,SO002,1608
EF1142,241,48,5348,2141,12,SO002,1609
EF1143,1015,50,23447,5769,14,SO001,1611
EF1144,336,52,24162,4385,15,SO002,1612
EF1145,715,54,21602,5332,13,SO001,1613
EF1146,559,76,12421,4663,12,SO003,1614
EF1147,426,42,17000,4724,13,SO002,1615
EF1148,722,84,22102,3211,14,SO002,1617
EF1149,1387,76,3835,5377,13,SO004,1618
EF1150,1302,67,16290,4066,11,SO003,1619
EF1151,819,48,26312,5208,11,SO001,1621
EF1152,580,39,20460,4877,21,SO002,1622
EF1153,546,97,26009,3117,18,SO001,1623
EF1154,544,70,18420,1569,12,SO001,1624
EF1155,1176,98,5220,19658,11,SO002,1625
EF1156,170,76,10302,3069,15,SO002,1627
EF1157,884,80,25800,10435,13,SO003,1628
EF1158,208,52,12250,4148,12,SO002,1630
EF1159,671,85,26493,5768,17,SO004,1631
EF1160,711,81,3140,5042,13,SO001,1633
EF1161,1329,59,5388,5770,19,SO003,1635
EF1162,397,54,14199,7756,19,SO002,1638
EF1163,737,55,21530,10306,17,SO001,1639
EF1164,1470,71,9953,3936,11,SO002,1640
EF1165,448,84,19948,7945,15,SO001,1641
EF1166,602,37,10503,5743,11,SO001,1642
EF1167,365,89,5602,15202,25,SO002,1644
EF1168,763,59,22098,5440,14,SO003,1645
EF1169,567,32,17218,3760,13,SO001,1646
EF1170,486,86,22490,3517,17,SO001,1647
EF1171,591,87,6297,2580,13,SO001,1648
EF1172,1329,73,3339,2166,14,SO001,1649
EF1173,469,42,23413,5869,11,SO001,1650
EF1174,711,42,22792,8008,12,SO003,1651
EF1175,772,77,4973,5206,17,SO003,1653
EF1176,492,66,7693,5295,21,SO001,1654
EF1177,301,72,3498,16413,16,SO003,1655
EF1178,813,50,21981,13269,15,SO004,1656
EF1179,1141,31,13251,2783,19,SO001,1657
EF1180,1130,66,19332,5433,12,SO002,1658
EF1181,311,77,10950,2013,11,SO001,1659
EF1182,465,41,11652,13966,19,SO002,1661
EF1183,894,33,15411,4374,15,SO001,1662
EF1184,1040,79,26308,6842,20,SO002,1664
EF1185,584,91,18685,17426,25,SO002,1665
EF1186,1291,65,3525,17603,24,SO002,1666
EF1187,880,36,10414,4581,24,SO001,1667
EF1188,1189,90,9867,4735,15,SO003,1668
EF1189,991,43,3356,4187,13,SO002,1669
EF1190,392,93,3921,5505,14,SO003,1670
EF1191,977,45,25518,5470,13,SO003,1671
EF1192,1112,67,22589,5476,11,SO003,1673
EF1193,464,74,24941,2587,16,SO002,1674
EF1194,148,42,23826,2440,22,SO001,1675
EF1195,1225,47,21086,15972,14,SO004,1676
EF1196,809,36,22384,15379,14,SO001,1677
EF1197,1206,80,11591,7082,16,SO001,1678
EF1198,727,54,21082,2728,11,SO001,1680
EF1199,530,36,16130,5368,25,SO002,1681
EF1200,1351,80,7419,5347,14,SO003,1682
EF1201,528,44,4167,3195,18,SO004,1683
EF1202,1320,93,20586,3989,11,SO001,1684
EF1203,1495,87,26176,3306,19,SO002,1687
EF1204,1395,48,3458,7005,15,SO001,1689
EF1205,708,95,11740,2655,11,SO003,1691
EF1206,1259,95,24852,1393,12,SO001,1692
EF1207,786,76,11925,2570,20,SO001,1693
EF1208,1441,94,23737,3537,12,SO002,1694
EF1209,1157,57,11912,3986,14,SO002,1696
EF1210,370,92,20467,10883,20,SO002,1697
EF1211,267,79,13637,2028,18,SO004,1698
EF1212,1278,31,7677,9525,14,SO003,1700
EF1213,678,35,20338,2929,12,SO001,1701
EF1214,427,99,25103,2275,21,SO002,1702
EF1215,921,96,14810,7879,19,SO002,1703
EF1216,146,79,13970,4930,14,SO001,1704
EF1217,1179,73,6069,7847,17,SO002,1706
EF1218,581,62,17616,4401,16,SO002,1707
EF1219,918,35,15869,9241,12,SO001,1708
EF1220,1082,43,25412,2974,17,SO002,1709
EF1221,530,51,7439,4502,15,SO001,1710
EF1222,1238,74,3395,10748,23,SO002,1712
EF1223,240,58,11585,1555,11,SO002,1714
EF1224,1093,82,24164,12936,11,SO001,1716
EF1225,390,62,6217,2305,15,SO004,1718
EF1226,1005,48,17119,16704,11,SO001,1719
EF1227,585,56,17360,3433,13,SO002,1720
EF1228,741,69,18103,3477,14,SO002,1721
EF1229,552,60,20794,6430,19,SO002,1722
EF1230,369,92,5041,6516,16,SO002,1724
EF1231,506,91,3622,3907,13,SO004,1725
EF1232,717,34,9697,5562,14,SO001,1727
EF1233,1370,49,5151,6883,16,SO002,1728
EF1234,793,33,3811,2862,12,SO002,1729
EF1235,543,87,3536,4978,11,SO002,1731
EF1236,1277,74,5596,10368,12,SO002,1732
EF1237,1456,96,8658,6134,13,SO004,1733
EF1238,964,34,12147,6735,15,SO001,1734
EF1239,160,51,12862,3295,13,SO001,1735
EF1240,163,30,6670,5238,20,SO001,1736
EF1241,792,77,8989,6472,15,SO002,1737
EF1242,371,80,3840,9610,13,SO002,1739
EF1243,611,88,4349,19833,14,SO001,1740
EF1244,176,56,6595,9756,21,SO003,1744
EF1245,1312,78,26427,4968,16,SO001,1745
EF1246,897,59,2097,2145,14,SO002,1746
EF1247,600,66,9732,2180,11,SO002,1747
EF1248,1003,51,20943,8346,19,SO002,1749
EF1249,1054,67,6152,3445,11,SO001,1751
EF1250,428,52,14630,2760,13,SO001,1752
EF1251,461,70,23060,6294,12,SO001,1753
EF1252,979,94,3088,7140,11,SO002,1754
EF1253,181,97,5586,2932,14,SO004,1755
EF1254,1283,62,10697,5147,15,SO001,1756
EF1255,1313,80,8191,4507,12,SO001,1757
EF1256,211,74,10092,8564,20,SO001,1758
EF1257,594,75,15963,2468,14,SO002,1760
EF1258,1079,70,19002,8161,13,SO004,1761
EF1259,590,91,10007,2109,13,SO002,1762
EF1260,305,58,9128,5294,16,SO002,1763
EF1261,953,65,17674,2718,14,SO001,1764
EF1262,833,60,24539,5811,16,SO002,1766
EF1263,807,38,15587,2437,16,SO002,1767
EF1264,855,57,8952,2766,22,SO004,1768
EF1265,478,60,19805,19038,12,SO004,1770
EF1266,775,90,6194,3055,15,SO003,1771
EF1267,548,94,20520,2289,20,SO003,1772
EF1268,1375,87,12313,4001,14,SO002,1774
EF1269,661,60,22308,12965,20,SO004,1775
EF1270,244,97,5033,3539,13,SO001,1778
EF1271,511,32,25353,6029,12,SO001,1779
EF1272,337,31,4567,2679,13,SO001,1780
EF1273,1153,40,16376,3702,11,SO002,1782
EF1274,1294,79,15999,2398,17,SO001,1783
EF1275,196,91,13402,5468,14,SO003,1784
EF1276,942,53,22984,13116,11,SO001,1786
EF1277,589,46,8800,4189,14,SO003,1787
EF1278,734,46,14218,19328,17,SO002,1789
EF1279,1383,90,25949,8321,13,SO002,1790
EF1280,429,99,11092,2342,12,SO004,1792
EF1281,1239,89,12832,4071,13,SO001,1794
EF1282,303,84,13492,5813,18,SO001,1797
EF1283,867,90,6076,3143,19,SO002,1798
EF1284,1181,82,5531,2044,11,SO002,1799
EF1285,1253,65,7914,13464,21,SO001,1800
EF1286,849,98,25166,7991,15,SO001,1801
EF1287,616,99,25605,3377,17,SO002,1802
EF1288,1128,95,5696,5538,18,SO003,1803
EF1289,1180,90,24442,5762,14,SO002,1804
EF1290,1336,100,7129,2592,13,SO004,1805
EF1291,234,93,6208,5346,17,SO002,1807
EF1292,370,58,4992,4213,15,SO001,1809
EF1293,766,83,19188,4127,18,SO002,1812
EF1294,343,52,24978,2438,13,SO001,1813
EF1295,447,85,15530,6870,12,SO001,1814
EF1296,796,81,26458,10447,13,SO002,1815
EF1297,1092,64,2739,9667,14,SO001,1816
EF1298,920,69,6889,2148,11,SO001,1818
EF1299,261,66,10842,8926,22,SO002,1821
EF1300,1194,52,9060,6513,17,SO002,1822
EF1301,810,92,22128,6799,21,SO003,1823
EF1302,350,52,22577,16291,22,SO002,1824
EF1303,185,91,9696,2705,16,SO002,1826
EF1304,1001,92,19271,10333,12,SO002,1827
EF1305,750,47,10748,4448,12,SO002,1829
EF1306,431,68,15696,6854,15,SO002,1830
EF1307,1125,68,8277,9637,14,SO003,1833
EF1308,1217,67,12719,3591,25,SO002,1834
EF1309,723,77,4244,5405,20,SO003,1835
EF1310,572,46,9125,4684,13,SO001,1836
EF1311,1216,87,21624,15787,14,SO001,1837
EF1312,1431,33,8018,1514,16,SO001,1839
EF1313,359,89,21495,2956,17,SO001,1842
EF1314,350,56,3157,2335,15,SO004,1844
EF1315,589,67,19665,5154,22,SO003,1845
EF1316,430,73,19573,6962,22,SO002,1847
EF1317,1422,92,19246,5675,20,SO002,1849
EF1318,1297,53,19826,2379,14,SO001,1850
EF1319,574,40,7003,3812,13,SO001,1852
EF1320,1318,79,26075,4648,13,SO001,1853
EF1321,355,38,6161,2936,22,SO003,1854
EF1322,207,64,5411,2105,12,SO001,1856
EF1323,706,82,19989,8578,14,SO002,1857
EF1324,280,43,10494,2706,15,SO002,1858
EF1325,726,93,21143,6384,17,SO003,1859
EF1326,1142,81,13624,3968,13,SO001,1860
EF1327,414,82,26186,9907,12,SO001,1862
EF1328,1319,45,7739,13225,12,SO002,1863
EF1329,728,36,7018,3540,21,SO002,1864
EF1330,352,87,15434,2804,11,SO001,1865
EF1331,823,81,22539,19392,13,SO001,1866
EF1332,1224,91,13583,19665,12,SO001,1867
EF1333,459,73,14753,2439,24,SO001,1868
EF1334,1254,64,14011,7314,21,SO004,1869
EF1335,1131,77,23844,4774,19,SO002,1870
EF1336,835,41,5141,3902,14,SO004,1871
EF1337,836,98,7975,2662,20,SO002,1873
EF1338,1172,78,3692,2856,19,SO002,1875
EF1339,945,89,16019,1081,13,SO001,1876
EF1340,391,75,26092,2472,23,SO001,1878
EF1341,1266,63,6060,5673,13,SO002,1880
EF1342,311,89,18624,4197,11,SO002,1881
EF1343,1480,64,24444,9713,13,SO004,1882
EF1344,592,59,19384,2062,14,SO001,1883
EF1345,783,78,13588,4284,22,SO002,1885
EF1346,219,44,25388,4788,11,SO001,1886
EF1347,556,93,23888,5906,13,SO003,1888
EF1348,1213,94,4223,3886,21,SO001,1890
EF1349,1137,98,18991,16823,11,SO002,1892
EF1350,482,90,14908,2933,13,SO002,1893
EF1351,511,89,26997,6500,14,SO001,1898
EF1352,117,58,2437,17174,11,SO002,1900
EF1353,170,78,9364,5033,15,SO002,1903
EF1354,967,85,14460,2307,23,SO002,1905
EF1355,1162,97,10261,2587,16,SO001,1907
EF1356,335,33,16822,5507,16,SO003,1908
EF1357,337,54,26841,4393,21,SO002,1909
EF1358,1396,83,14842,13348,13,SO002,1911
EF1359,1079,86,20115,6583,11,SO002,1912
EF1360,735,75,16495,8103,12,SO001,1915
EF1361,471,62,16031,3978,12,SO002,1916
EF1362,1096,61,7102,2544,18,SO002,1918
EF1363,1297,44,14511,5399,12,SO001,1922
EF1364,217,43,10410,5487,14,SO001,1924
EF1365,783,42,19255,6834,12,SO002,1927
EF1366,746,45,10642,1091,17,SO001,1928
EF1367,1251,32,3987,5736,19,SO002,1929
EF1368,1354,41,6073,2226,11,SO002,1931
EF1369,735,86,26496,5747,15,SO001,1932
EF1370,1475,84,23352,9854,11,SO001,1933
EF1371,1169,64,2125,5467,18,SO002,1934
EF1372,1443,89,20328,5380,16,SO002,1935
EF1373,867,87,12315,5151,25,SO002,1936
EF1374,1394,58,18115,2133,16,SO002,1937
EF1375,605,72,11761,17875,13,SO002,1938
EF1376,238,47,15318,2432,14,SO001,1939
EF1377,1206,71,14293,4771,19,SO003,1940
EF1378,1064,42,13738,19161,15,SO001,1941
EF1379,419,77,2900,5087,12,SO003,1943
EF1380,1337,58,19555,2863,12,SO001,1944
EF1381,682,71,15975,5561,16,SO002,1945
EF1382,1103,49,2122,2144,14,SO001,1947
EF1383,976,48,3995,3065,13,SO002,1948
EF1384,1351,66,9238,2810,22,SO001,1949
EF1385,937,32,6770,9888,21,SO001,1950
EF1386,1239,39,22914,8628,18,SO002,1951
EF1387,157,95,20006,2867,13,SO001,1952
EF1388,136,89,6225,5373,12,SO002,1954
EF1389,1146,34,16542,6667,18,SO002,1955
EF1390,1125,48,5771,5003,21,SO001,1956
EF1391,1404,32,18779,2367,12,SO002,1960
EF1392,1404,59,11473,2858,14,SO001,1961
EF1393,1224,55,13586,5204,11,SO001,1962
EF1394,954,44,5099,4105,14,SO001,1965
EF1395,1373,56,10138,9679,24,SO001,1966
EF1396,754,63,21075,5617,11,SO001,1967
EF1397,1168,66,5843,10448,13,SO001,1968
EF1398,155,67,22474,2897,11,SO003,1969
EF1399,1303,36,18079,5968,20,SO004,1970
EF1400,574,30,16873,7510,17,SO002,1971
EF1401,1444,88,5224,2991,11,SO002,1972
EF1402,189,71,25811,19636,18,SO002,1973
EF1403,1276,59,17536,1129,11,SO004,1974
EF1404,119,77,25098,13341,12,SO001,1975
EF1405,335,37,14811,4332,12,SO001,1976
EF1406,697,40,26862,11031,20,SO002,1979
EF1407,157,77,25198,4440,19,SO001,1980
EF1408,771,45,14120,4617,12,SO001,1981
EF1409,571,78,13672,2647,13,SO001,1982
EF1410,692,73,26849,6323,11,SO002,1985
EF1411,444,92,4258,5677,14,SO002,1986
EF1412,309,82,19655,2187,14,SO001,1987
EF1413,911,76,4077,3748,13,SO001,1989
EF1414,977,57,7298,3977,19,SO002,1992
EF1415,1180,84,13084,8633,23,SO001,1993
EF1416,1313,59,20439,2008,12,SO004,1994
EF1417,1321,86,7636,4440,15,SO003,1995
EF1418,1154,54,6393,3067,19,SO002,1996
EF1419,508,72,14284,5321,11,SO002,1997
EF1420,557,35,11189,5410,17,SO002,1998
EF1421,642,76,21412,2782,22,SO002,1999
EF1422,1162,98,17231,11957,18,SO003,2000
EF1423,1490,43,20232,2660,11,SO002,2003
EF1424,581,63,17624,3375,12,SO001,2007
EF1425,1395,48,18698,5098,19,SO001,2008
EF1426,501,95,21653,4878,13,SO002,2009
EF1427,267,49,15919,2837,13,SO001,2010
EF1428,543,83,4060,2406,19,SO003,2012
EF1429,234,68,18024,2269,14,SO002,2013
EF1430,116,52,5340,4108,13,SO001,2014
EF1431,201,99,3376,13206,12,SO002,2015
EF1432,801,48,24032,10422,19,SO003,2016
EF1433,161,42,15471,13744,25,SO002,2017
EF1434,1382,85,13684,4907,22,SO002,2018
EF1435,585,40,19788,3482,15,SO003,2019
EF1436,1037,42,13422,2436,12,SO001,2020
EF1437,501,58,25479,2380,11,SO001,2021
EF1438,105,87,15302,19431,13,SO001,2022
EF1439,638,33,26956,1790,19,SO002,2023
EF1440,557,94,12695,7644,19,SO003,2024
EF1441,688,97,9192,5131,13,SO004,2025
EF1442,667,57,26236,6306,21,SO002,2026
EF1443,1092,36,26124,4787,14,SO004,2027
EF1444,300,56,17312,18880,11,SO001,2031
EF1445,310,72,3666,2339,11,SO002,2032
EF1446,582,60,5640,13570,23,SO002,2034
EF1447,704,95,8978,6712,21,SO003,2035
EF1448,301,88,10436,5406,24,SO002,2036
EF1449,930,57,12227,8938,11,SO002,2037
EF1450,529,78,11288,2439,14,SO001,2038
EF1451,1146,31,16642,8837,16,SO001,2040
EF1452,345,100,5982,5343,11,SO002,2041
EF1453,878,94,14255,6728,12,SO003,2044
EF1454,1120,100,14369,6652,13,SO002,2045
EF1455,374,50,23333,4850,15,SO001,2046
EF1456,1322,52,2725,2809,14,SO001,2048
EF1457,1199,80,24594,5689,14,SO003,2049
EF1458,1194,98,12549,2001,14,SO004,2051
EF1459,287,62,8952,2977,12,SO002,2052
EF1460,1378,46,23679,4025,13,SO002,2053
EF1461,468,73,8489,3785,14,SO001,2054
EF1462,410,39,16586,10854,13,SO002,2055
EF1463,722,60,8828,12031,11,SO002,2056
EF1464,325,74,3787,9936,19,SO001,2057
EF1465,1167,30,21378,2966,18,SO001,2060
EF1466,884,41,12290,2571,17,SO002,2061
EF1467,613,42,21457,9991,15,SO002,2062
EF1468,155,87,5174,6142,20,SO002,2064
EF1469,1023,63,13243,5390,14,SO001,2065
EF1470,628,82,10228,4404,12,SO001,2068
